slug,section,index,interwencja,suggestedZone,confidence,alternatives,previousZone,finalZone
zaburzenia-droznosci-drog-oddechowych,7.1,0,"Monitorowanie: parametrów życiowych, SpO2, liczby i charakteru oddechów, CTK, tętna, EKG, a także zabarwienia powłok skórnych, błon śluzowych, dystalnych części ciała.",klatka-piersiowa,high,,klatka-piersiowa,klatka-piersiowa
zaburzenia-droznosci-drog-oddechowych,7.1,1,"Pomiar PEF (szczytowego przepływu wydechowego), FEV1 (natężonej objętości wydechowej pierwszosekundowej).",,none,,,
zaburzenia-droznosci-drog-oddechowych,7.1,2,Osłuchiwanie płuc.,klatka-piersiowa,high,,klatka-piersiowa,klatka-piersiowa
zaburzenia-droznosci-drog-oddechowych,7.1,3,Pobieranie krwi tętniczej do badania gazometrycznego.,konczyny-gorne,high,,skora,konczyny-gorne
zaburzenia-droznosci-drog-oddechowych,7.1,4,"Pobieranie krwi żylnej do badań biochemicznych (np. białko C-reaktywne, IgG, IgA, IgM, IgE), wykonanie punktowych testów skórnych.",konczyny-gorne,high,,skora,konczyny-gorne
zaburzenia-droznosci-drog-oddechowych,7.1,5,"Udział w badaniach obrazowych (rentgen klatki piersiowej, tomografia komputerowa, badanie echokardiograficzne).",klatka-piersiowa,high,,klatka-piersiowa,klatka-piersiowa
zaburzenia-droznosci-drog-oddechowych,7.1,6,"Udział w diagnostyce dodatkowej: pobieranie plwociny indukowanej, bronchoskopia.",,none,,skora,
zaburzenia-droznosci-drog-oddechowych,7.1,7,"Ocena stanu świadomości, nasilenia duszności i napięcia psychomotorycznego.",klatka-piersiowa,medium,,klatka-piersiowa,klatka-piersiowa
zaburzenia-droznosci-drog-oddechowych,7.1,8,"Pomoc w przyjęciu najdogodniejszej pozycji ciała oraz udział w rehabilitacji oddechowej (np. oddychanie przez zasznurowane usta, oddychanie przeponowe).",,none,,,
zaburzenia-droznosci-drog-oddechowych,7.1,9,"Prowadzenie farmakoterapii i płynoterapii: doustne/wziewne glikokortykosteroidy, leki biologiczne (na zlecenie lekarza).",,none,,,
zaburzenia-droznosci-drog-oddechowych,7.1,10,"Ocena nasilenia objawów, reakcji pacjentki na zastosowane leczenie oraz skutków ubocznych NIV.",,none,,,
zaburzenia-droznosci-drog-oddechowych,7.1,11,Nawilżenie mieszaniny oddechowej przez maskę w przypadku wysychania błon śluzowych lub trudnej do odkrztuszenia wydzieliny.,usta-drogi-oddechowe,medium,,usta-drogi-oddechowe,usta-drogi-oddechowe
zaburzenia-droznosci-drog-oddechowych,7.1,12,"Przy braku poprawy w leczeniu ocena szczelności dopasowania maski i sprawności portu wydechowego: ocena synchronizacji oddechów własnych chorej z pracą respiratora; zastosowanie usprawniania układu oddechowego (np. drenaż ułożeniowy, oklepywanie, ćwiczenia oddechowe); udział w farmakoterapii (np. leki rozkurczające oskrzela, uspokajające).",klatka-piersiowa,medium,,klatka-piersiowa,klatka-piersiowa
zaburzenia-droznosci-drog-oddechowych,7.1,13,"W przypadku nieskuteczności powyższego leczenia asystowanie podczas intubacji dotchawiczej: przygotowanie zestawu do intubacji (laryngoskop z łyżką zakrzywioną lub prostą oraz czynnym źródłem światła, żel z lignokainą, rurki intubacyjne różnych rozmiarów, strzykawka do wypełnienia balonu uszczelniającego rurkę, cewnik do odsysania wraz z czynnym źródłem ssania, taśmy do ufiksowania rurki); przygotowanie pacjentki do zabiegu (monitorowanie EKG, akcji serca, tętna, CTK, etCO2, saturacji, napływu kapilarnego; na zlecenie lekarza przygotowanie i podanie leków anestetycznych, opioidowych, zwiotczających; ułożenie płaskie z uniesieniem głowy powyżej poziomu tułowia ok. 10 cm i odgięciem do tyłu – tzw. pozycja wąchania); po zabiegu ocena lokalizacji rurki intubacyjnej.",cale-cialo,low,usta-drogi-oddechowe:11 klatka-piersiowa:7 miednica:6,usta-drogi-oddechowe,cale-cialo
nieefektywne-oczyszczanie-drog-oddechowych,7.2,0,Uniesienie tułowia pacjenta w pozycji semi-Fowlera pod kątem 30-450 po konsultacji z lekarzem w celu wykluczenia przeciwwskazań.,,none,,,
nieefektywne-oczyszczanie-drog-oddechowych,7.2,1,"Ocena stanu jamy ustnej i nosowej za pomocą latarki pod kątem zaczerwienienia, krwawienia, owrzodzeń, uszkodzeń, ilości wydzielanej śliny.",usta-drogi-oddechowe,low,skora:5,usta-drogi-oddechowe,usta-drogi-oddechowe
nieefektywne-oczyszczanie-drog-oddechowych,7.2,2,"Selektywna dekontaminacja jamy ustnej i gardła min. 2 × na dobę z zastosowaniem środków antyseptycznych zawierających, np. 0,12-0,2% glukonian chlorheksydyny (np. Colsodryl, Eludril) w postaci pasty, płynu z wykorzystaniem, np. jednorazowego zestawu gąbeczek (pacjent bez uzębienia) lub szczoteczko-gąbeczek (chory z uzębieniem) z możliwością odsysania wydzieliny przez 2 min ruchem wymiatającym lub obrotowym.",usta-drogi-oddechowe,high,,usta-drogi-oddechowe,usta-drogi-oddechowe
nieefektywne-oczyszczanie-drog-oddechowych,7.2,3,W przypadku toalety z zastosowaniem jedynie środków antyseptycznych toaleta jamy ustnej.,usta-drogi-oddechowe,high,,usta-drogi-oddechowe,usta-drogi-oddechowe
nieefektywne-oczyszczanie-drog-oddechowych,7.2,4,"Ewakuacja wydzieliny z górnych dróg oddechowych (jama nosowa, ustna, gardłowa) za pomocą jednorazowych cewników CH 8, CH 10 co 2-4 godz.",miednica,high,,miednica,miednica
nieefektywne-oczyszczanie-drog-oddechowych,7.2,5,Zastosowanie blokera zgryzu w przypadku szczękościsku.,,none,,,
nieefektywne-oczyszczanie-drog-oddechowych,7.2,6,"Nawilżanie śluzówek jamy ustnej co 2-4 godz., np. Glandosane Spray.",usta-drogi-oddechowe,high,,usta-drogi-oddechowe,usta-drogi-oddechowe
nieefektywne-oczyszczanie-drog-oddechowych,7.2,7,"Natłuszczanie okolicy nozdrzy co 8 godz., np. olejkiem parafinowym.",skora,medium,,skora,skora
nieefektywne-oczyszczanie-drog-oddechowych,7.2,8,"Pielęgnacja czerwieni wargowej, np. maścią Bepanthen.",skora,medium,,skora,skora
nieefektywne-oczyszczanie-drog-oddechowych,7.2,9,Prowadzenie indywidualnej karty obserwacji jamy ustnej z uwzględnieniem modelu BRUSHED wg Hayesa i Jonesa.,usta-drogi-oddechowe,high,,usta-drogi-oddechowe,usta-drogi-oddechowe
nieefektywne-oczyszczanie-drog-oddechowych,7.2,10,Natlenienie chorego 100% mieszaniną tlenu przez ok. 30 s przed przystąpieniem do procedury ewakuacji wydzieliny z dolnych dróg oddechowych i po wykonaniu czynności.,,none,,,
nieefektywne-oczyszczanie-drog-oddechowych,7.2,11,"Ocena stopnia zamknięcia powiek przed ewakuacją wydzieliny (zabezpieczenie powiek gazikami lub komorami pokrywkowymi polietylenowymi w przypadku niewystarczającego ich zamknięcia), nawilżanie oczu kroplami, maściami, prowadzenie protokołu obserwacji i pielęgnacji oczu.",oczy,low,skora:4,oczy,oczy
nieefektywne-oczyszczanie-drog-oddechowych,7.2,12,"Indywidualny dobór średnicy cewnika wg zasady, w której średnica zewnętrzna cewnika nie przekracza ½ wewnętrznej średnicy rurki.",miednica,high,,miednica,miednica
nieefektywne-oczyszczanie-drog-oddechowych,7.2,13,Preferowanie cewników z wieloma otworami bocznymi.,miednica,high,,miednica,miednica
nieefektywne-oczyszczanie-drog-oddechowych,7.2,14,Ewakuacja treści z dolnych dróg oddechowych co 2-4 godz. lub w razie potrzeby (systemem zamkniętym do odsysania lub w sposób tradycyjny z rozłączeniem obwodu oddechowego).,usta-drogi-oddechowe,high,,usta-drogi-oddechowe,usta-drogi-oddechowe
nieefektywne-oczyszczanie-drog-oddechowych,7.2,15,Przestrzeganie czasu 10 s przy jednorazowej procedurze ewakuacji wydzieliny.,,none,,,
nieefektywne-oczyszczanie-drog-oddechowych,7.2,16,Przestrzeganie czasu min. 20-30 s pomiędzy kolejnym odsysaniem.,usta-drogi-oddechowe,high,,usta-drogi-oddechowe,usta-drogi-oddechowe
nieefektywne-oczyszczanie-drog-oddechowych,7.2,17,Zastosowanie podciśnienia ssania odpowiadającemu wartości 100-150 mm Hg (135-203 cm H2O).,,none,,,
nieefektywne-oczyszczanie-drog-oddechowych,7.2,18,Ewakuacja wydzieliny z okolicy podgłośniowej przez dren rurki z taką możliwością (rurka dotchawicza z odsysaniem znad mankietu uszczelniającego).,usta-drogi-oddechowe,medium,konczyny-gorne:3,usta-drogi-oddechowe,usta-drogi-oddechowe
nieefektywne-oczyszczanie-drog-oddechowych,7.2,19,"Pomiar, ocena i dokumentowanie w karcie TISS ciśnienia w mankiecie uszczelniającym rurkę intubacyjną minimum 3 × na dobę (norma: 17-25 mm Hg/20-30 cm H2O).",usta-drogi-oddechowe,high,,usta-drogi-oddechowe,usta-drogi-oddechowe
nieefektywne-oczyszczanie-drog-oddechowych,7.2,20,"Kontrola położenia rurki intubacyjnej poprzez obserwację położenia rurki w kąciku ust, obserwację ruchów klatki piersiowej, osłuchiwanie klatki piersiowej oraz monitorowanie SpO2, etCO2.",usta-drogi-oddechowe,high,,klatka-piersiowa,usta-drogi-oddechowe
nieefektywne-oczyszczanie-drog-oddechowych,7.2,21,"Wymiana filtrów oddechowych (np. z elektrostatyczną lub mechaniczną membraną filtrującą najczęściej 1 raz na dobę), wymiana rur respiratora (najczęściej 1 raz na tydzień), zestawu zamkniętego do odsysania pacjenta (w zależności od rodzaju, np. 1 raz 72 g), a także w każdym przypadku uszkodzenia lub zabrudzenia; nie zaleca się rutynowej wymiany.",usta-drogi-oddechowe,high,,usta-drogi-oddechowe,usta-drogi-oddechowe
nieefektywne-oczyszczanie-drog-oddechowych,7.2,22,"Kontrola umocowania rurki dotchawiczej, połączeń obwodu oddechowego, filtrów; w przypadku nagłego pogorszenia się stanu wentylowanego pacjenta identyfikacja przyczyn za pomocą protokołu DOPES (patrz: rozdział 7.1).",,none,,,
nieefektywne-oczyszczanie-drog-oddechowych,7.2,23,"Pobieranie krwi do badań laboratoryjnych (np. morfologii krwi, CRP) i gazometrycznych.",konczyny-gorne,high,,skora,konczyny-gorne
nieefektywne-oczyszczanie-drog-oddechowych,7.2,24,"Udział w farmakoterapii (np. antybiotyki p.o., i.v., wziewnie).",,none,,,
nieefektywne-oczyszczanie-drog-oddechowych,7.2,25,Udział w badaniach obrazowych (np. RTG płuc).,,none,,,
nieefektywne-oczyszczanie-drog-oddechowych,7.2,26,"Udział w pobieraniu materiału do badania mikrobiologicznego (np. popłuczyny pęcherzykowo-oskrzelowe, BAL).",,none,,,
nieefektywne-oczyszczanie-drog-oddechowych,7.2,27,Udział we wczesnym uruchamianiu pacjenta.,,none,,,
nieefektywne-oczyszczanie-drog-oddechowych,7.2,28,Udział w codziennej ocenie głębokości sedacji chorego pod kątem gotowości do odzwyczajenia go od respiratora (weaning).,,none,,,
nieefektywne-oczyszczanie-drog-oddechowych,7.2,29,Prowadzenie protokołu odzwyczajenia pacjenta od respiratora (protocol-driven ventlator weaning).,,none,,,
nieefektywne-oczyszczanie-drog-oddechowych,7.2,30,"Udział w profilaktyce choroby wrzodowej, np. stosowanie sukralfatu.",,none,,,
zaburzenia-oddychania,7.3,0,"Pomiar parametrów życiowych (tętno, temperatura, saturacja, ciśnienie tętnicze krwi), ocena cyklu i toru oddychania, osłuchanie oraz opukanie chorego.",konczyny-gorne,high,,klatka-piersiowa,konczyny-gorne
zaburzenia-oddychania,7.3,1,Przygotowanie pacjenta do badania RTG klatki piersiowej.,klatka-piersiowa,high,,klatka-piersiowa,klatka-piersiowa
zaburzenia-oddychania,7.3,2,Pobranie krwi do badań laboratoryjnych na zlecenie lekarza.,konczyny-gorne,high,,konczyny-gorne,konczyny-gorne
zaburzenia-oddychania,7.3,3,"Ocena punktowego ryzyka zgonu chorego, np. PSI (Pneumonia Severity Index), CRB-65, CURB-65 w celu ustalenia miejsca leczenia pacjenta (ambulatoryjne czy szpitalne).",,none,,,
zaburzenia-oddychania,7.3,4,Zebranie wywiadu w kierunku wcześniejszych reakcji uczuleniowych na antybiotyki.,,none,,skora,
zaburzenia-oddychania,7.3,5,W razie konieczności podanie tlenu na zlecenie lekarza.,,none,,,
zaburzenia-oddychania,7.3,6,"W przypadku wskazań do leczenia szpitalnego – przygotowanie chorego do hospitalizacji, umożliwienie kontaktu z rodziną lub osobami bliskimi.",,none,,,
zaburzenia-wymiany-gazowej,7.4,0,Uniesienie wezgłowia łóżka pod kątem 30-450 w przypadku wentylacji w pozycji na plecach oraz zmiana pozycji w łóżku co 2-4 godz.,plecy,high,,plecy,plecy
zaburzenia-wymiany-gazowej,7.4,1,"Monitorowanie, ocena i dokumentowanie parametrów wentylacji: stężenia tlenu w mieszaninie oddechowej (FiO2), liczby oddechów (fot), w tym oddechów spontanicznych (fspont), objętości oddechowej (TV), dodatniego ciśnienia w drogach oddechowych (PEEP), wdechowego ciśnienia szczytowego (Ppeak).",usta-drogi-oddechowe,medium,klatka-piersiowa:3,usta-drogi-oddechowe,usta-drogi-oddechowe
zaburzenia-wymiany-gazowej,7.4,2,"Obserwacja i monitorowanie: parametrów życiowych, SpO2, etCO2, liczby i charakteru oddechów, CTK, tętna, EKG, gazometrii krwi tętniczej i żylnej.",klatka-piersiowa,high,konczyny-gorne:3,klatka-piersiowa,klatka-piersiowa
zaburzenia-wymiany-gazowej,7.4,3,"Ocena lokalizacji rurki intubacyjnej w celu wykrycia cech ewentualnej destabilizacji, przemieszczenia i niedrożności końcówki rurki poprzez: kontrolę położenia w kąciku ust, obserwację symetrii ruchów klatki piersiowej, osłuchiwanie szmerów oddechowych w szczytach i podstawach płuc, analizę pomiaru kapnometrii i krzywej kapnograficznej.",usta-drogi-oddechowe,high,,klatka-piersiowa,usta-drogi-oddechowe
zaburzenia-wymiany-gazowej,7.4,4,W sytuacji trudności w wentylacji identyfikacja przyczyny na podstawie protokołu DOPES (patrz: rozdział 7.1).,,none,,,
zaburzenia-wymiany-gazowej,7.4,5,Stosowanie zamkniętego systemu do odsysania dróg oddechowych.,usta-drogi-oddechowe,high,,usta-drogi-oddechowe,usta-drogi-oddechowe
zaburzenia-wymiany-gazowej,7.4,6,"Udział w fizjoterapii oddechowej poprzez ułożenie ciała w pozycji pronacyjnej („prone positon”, na brzuchu) oraz kontrola parametrów życiowych i wentylacji we wskazanej pozycji.",brzuch,high,klatka-piersiowa:3,brzuch,brzuch
zaburzenia-wymiany-gazowej,7.4,7,Kontrola ciśnienia w mankiecie uszczelniającym rurkę intubacyjną 3 × dziennie z zastosowaniem manometru oraz utrzymywanie ciśnienia w granicach 17-25 mm Hg (20-35 cm H2O).,usta-drogi-oddechowe,high,,usta-drogi-oddechowe,usta-drogi-oddechowe
zaburzenia-wymiany-gazowej,7.4,8,"Toaleta dolnych dróg oddechowych co 2-4 godz. zgodnie z przyjętą procedurą oraz dokumentowanie cech odessanej wydzieliny (ilości, jakości, zapachu).",,none,,,
zaburzenia-wymiany-gazowej,7.4,9,"Pobieranie krwi do badania gazometrycznego z dostępu dotętniczego zgodnie ze zleceniem lekarskim, wykonanie pomiaru, analiza oraz udokumentowanie wyniku.",konczyny-gorne,high,,skora,konczyny-gorne
zaburzenia-wymiany-gazowej,7.4,10,"Udział w pobieraniu materiału do badań mikrobiologicznych (np. popłuczyn pęcherzykowo-oskrzelowych, BAL, posiewów z krwi, moczu).",miednica,medium,,miednica,miednica
zaburzenia-wymiany-gazowej,7.4,11,"Stosowanie diet przemysłowych i/lub żywienia pozajelitowego zapobiegających przekarmieniu i niedożywieniu z wykorzystaniem pomiaru wydatku energetycznego (energy expenditure, EE).",brzuch,high,,brzuch,brzuch
zaburzenia-wymiany-gazowej,7.4,12,"Udział w badaniach obrazowych klatki piersiowej, np. rentgen, tomografia komputerowa, badanie ultrasonograficzne.",klatka-piersiowa,high,,klatka-piersiowa,klatka-piersiowa
zaburzenia-wymiany-gazowej,7.4,13,"Udział w farmakoterapii na zlecenie lekarskie, np. antybiotykoterapia, leki rozszerzające oskrzela, glikokortykosteroidy.",,none,,,
zmniejszona-pojemnosc-minutowa-serca,8.1,0,"Ocena nasilenia objawów klinicznych (chromania przestankowego, zabarwienia i ucieplenia skóry, ewentualnych zmian na skórze), badanie tętna w spoczynku i po marszu, ocena ogólnego stanu chorego oraz chorób współistniejących (na podstawie analizy dokumentacji medycznej), wykonanie pomiaru i interpretacja wskaźnika kostka-ramię (ABI).",skora,low,cale-cialo:4 konczyny-gorne:3,skora,skora
zmniejszona-pojemnosc-minutowa-serca,8.1,1,"Edukacja pacjenta: • działania wpływające na poprawę przepływu tkankowego w kończynach: – utrzymywanie kończyn poniżej poziomu serca, unikanie krzyżowania kończyn dolnych, – dostosowanie wysiłku fizycznego do tolerancji na niedokrwienie (niedopuszczanie do wystąpienia bólu niedokrwiennego) spacery, ćwiczenia czynne kończyn z uniesieniem ku górze (w przypadku zblednięcia, cierpnięcia lub bólu - opuszczenie kończyny w dół w pozycji siedzącej lub stojącej, czekanie do momentu wystąpienia pełnego ukrwienia stóp, kilkakrotne powtarzanie ćwiczenia w ciągu dnia); regularne, codzienne 30-60-minutowe marsze przy dobrej tolerancji tego rodzaju wysiłku, jazda na rowerze, – unikanie zimna - ciepłe skarpety bawełniane lub wełniane, ochrona przed wilgocią, ciepłe napoje w sytuacji narażenia na działanie niskich temperatur, ubiór dostosowany do pory roku i temperatury otoczenia, – unikanie intensywnego ogrzewania kończyn (np. termoforem, kocem elektrycznym), – unikanie ucisku na stopę (nieuciskające obuwie, skarpety); • pielęgnacja skóry - używanie łagodnych środków do pielęgnacji skóry o pH 5,5, staranne osuszanie, systematyczne nawilżanie i natłuszczanie (np. lanoliną), profilaktyka i leczenie zakażeń grzybiczych; • ochrona przed urazami - wygodne obuwie, delikatny pedikiur, bez rozmiękczania naskórka; • motywowanie chorego do zaprzestania palenia tytoniu, indywidualny dobór sposobów ułatwiających porzucenie nałogu palenia, poinformowanie o konieczności unikania palenia biernego; • modyfikacja współistniejących czynników ryzyka - redukcja nadwagi (dieta ubogo- energetyczna, indywidualny dobór aktywności fizycznej), kontrola cukrzycy, nadciśnienia tętniczego (systematyczne przyjmowanie przepisanych leków, dieta przeciwcukrzycowa, z ograniczeniem soli, nauka samoobserwacji - samodzielne pomiary ciśnienia tętniczego, glikemii); • współpraca z lekarzem w zakresie farmakoterapii, wyjaśnienie działania leków i nauka samoobserwacji.",konczyny-gorne,high,,konczyny-dolne,konczyny-gorne
zaburzenia-krazenia-mozgowego,8.3,0,Umieszczenie pacjenta na sali intensywnego nadzoru i uzasadnienie takiego działania.,,none,,,
zaburzenia-krazenia-mozgowego,8.3,1,Założenie dwóch żylnych dostępów naczyniowego zgodnie z zasadami aseptyki i antyseptyki.,,none,,,
zaburzenia-krazenia-mozgowego,8.3,2,Założenie cewnika do pęcherza moczowego zgodnie z zasadami aseptyki i antyseptyki.,miednica,high,,miednica,miednica
zaburzenia-krazenia-mozgowego,8.3,3,Wykonanie 12-odprowadzeniowego EKG.,klatka-piersiowa,high,,klatka-piersiowa,klatka-piersiowa
zaburzenia-krazenia-mozgowego,8.3,4,"Pobranie krwi żylnej w celu wykonania badań zgodnie ze zleceniem lekarskim, takich jak: morfologia, INR, APTT, czas protrombinowy, stężenie elektrolitów i glukozy w surowicy, CRP, biochemiczne wskaźniki czynności nerek i wątroby, markery uszkodzenia mięśnia sercowego.",konczyny-gorne,high,,konczyny-gorne,konczyny-gorne
zaburzenia-krazenia-mozgowego,8.3,5,"Monitorowanie/badanie: • układu krążenia: ciśnienie tętnicze krwi, tętno, • układu oddechowego: częstotliwość oddechów, saturacja, • temperatury ciała, • stanu świadomości - orientacja autoi allopsychiczna, spełnianie poleceń, • stanu przytomności - skala Glasgow (w razie pogarszania się kontaktu z pacjentem), • symetrii źrenic Dokumentowanie wyników pomiarów w karcie obserwacyjnej co 4 godziny.",cale-cialo,low,oczy:5 cale-cialo:4 klatka-piersiowa:3,oczy,cale-cialo
zaburzenia-krazenia-mozgowego,8.3,6,Pomiar ciśnienia tętniczego krwi przed każdym podaniem leku hipotensyjnego.,konczyny-gorne,high,,konczyny-gorne,konczyny-gorne
zaburzenia-krazenia-mozgowego,8.3,7,Pomiar i dokumentowanie poziomu glukozy we krwi - prowadzenie profilu glikemii.,,none,,,
zaburzenia-krazenia-mozgowego,8.3,8,"Asystowanie podczas podawania leku trombolitycznego: • bieżący pomiar i dokumentowanie parametrów życiowych, • obserwacja samopoczucia pacjenta, zabarwienia skóry, • obserwacja stanu świadomości pacjenta oraz pod kątem narastania deficytu neurologicznego, • ocena prawidłowości działania pompy infuzyjnej strzykawkowej.",skora,medium,,skora,skora
zaburzenia-krazenia-mozgowego,8.3,9,"Ocena zaburzeń połykania i dostosowanie sposobu żywienia, nawadniania oraz podawania leków do stanu pacjenta (patrz: rozdział 9.4).",usta-drogi-oddechowe,medium,,usta-drogi-oddechowe,usta-drogi-oddechowe
zakrzepica-zylna-ryzyko-wystapienia,8.4,0,Ocena aktualnej sytuacji chorobowej pacjenta w kierunku występowania czynników ryzyka ZŻG - analiza dokumentacji medycznej w zakresie dotychczasowego leczenia oraz chorób współistniejących.,,none,,,
zakrzepica-zylna-ryzyko-wystapienia,8.4,1,"Ocena występowania objawów klinicznych ZŻG: • współudział w monitorowaniu występowania objawów obiektywnych poprzez: – pomiar ciśnienia tętniczego krwi i tętna, temperatury ciała, – obserwację wyglądu skóry kończyny dolnej (zwiększone ucieplenie, obrzęk, nieprawidłowe zabarwienie: sinica, martwica), – pomiar obwodu kończyny chorej i zdrowej na tym samym poziomie, – badanie palpacyjne w celu oceny nadmiernie wypełnionych żył powierzchownych i ewentualnego wyczucia skrzepliny [Kózka, 2020; Szewczyk, Jawień, 2010; Windyga i wsp., 2014], • współudział w badaniach oraz wyjaśnienie pacjentowi postępowania diagnostycznego: – dokonanie oceny prawdopodobieństwa wystąpienia ZŻG na podstawie skali Wellsa oraz ustalenie wskazań do rozszerzonej diagnostyki, – przeprowadzenie kolejnych badań zgodnie ze zleceniem lekarza (np. USG naczyń żylnych oraz pobranie krwi do badań, np. D-dimery, grupa krwi, morfologia, APTT, INR, ewentualnie flebografia, venografia TK lub RM) [Kózka, 2020; Konstantnides i wsp., 2014; Tomkowski i wsp., 2017; Szewczyk, Jawień, 2010; Windyga i wsp., 2014].",cale-cialo,low,konczyny-gorne:8 konczyny-dolne:5 skora:4,skora,cale-cialo
zakrzepica-zylna-ryzyko-wystapienia,8.4,2,"Współudział w działaniach leczniczo--pielęgnacyjnych adekwatnych do rozpoznanych czynników ryzyka oraz prawdopodobieństwa wystąpienia zakrzepicy żylnej (zgodnie ze zleceniem lekarza): • zastosowanie kompresjoterapii II stopnia ucisku (25-35 mm Hg) na kończynie objętej procesem chorobowym przy użyciu gotowych wyrobów uciskowych lub ewentualnie opasek elastycznych, • poinformowanie pacjenta o konieczności wykonania pomiarów kończyny celem dopasowania do zalecanego stopnia ucisku, • nauczenie pacjenta stosowania kompresjoterapii z wykorzystaniem opaski elastycznej: – opatrunek powinien obejmować kończynę od podstawy palców do guzowatości piszczeli i dawać ucisk zmniejszający się w kierunku od kostki do kolana (jeśli ucisk w okolicy stawu skokowego wynosi 100%, to w kierunku proksymalnym, czyli w pobliżu pachwiny powinien wynosić 40%), – poinformowanie pacjenta o objawach zbyt dużego ucisku (jak: uczucie mrowienia, drętwienia stopy, bladość, sinica palców w czasie chodzenia); w przypadku ich wystąpienia poinformowanie o konieczności usunięcia bandaża i ponownego zabandażowania z efektem mniejszego ucisku, • nauczenie pacjenta zakładania gotowych wyrobów uciskowych (np. pończoch, rajstop: rolowanie wyrobu, a następnie naciąganie na kończynę, tzw. podciąganie w kierunku proksymalnym poprzez wygładzanie całą dłonią z użyciem gumowych rękawic), • zalecenie zakładania wyrobów uciskowych w godzinach rannych przed wstaniem z łóżka przed wystąpieniem zwiększonego obrzęku w ciągu dnia, • motywowanie pacjenta do noszenia wyrobów uciskowych poprzez wskazywanie korzyści leczenia dla poprawy stanu naczyń kończyn dolnych [Kózka, 2020; Szewczyk, Jawień, 2010; Windyga i wsp., 2014; Zawilska, 2016], • zastosowanie przerywanego masażu pneumatycznego przy użyciu specjalnego kompresora oraz mankietów pneumatycznych zakładanych na kończyny dolne [Kózka, Rożnowska, 2009; Szewczyk, Jawień, 2010; Kózka, 2020; Tomkowski i wsp., 2017], • zastosowanie leczenia farmakologicznego: – wyjaśnienie konieczności i zasad przyjmowania zleconych leków flebotropowych, przeciwzakrzepowych, – motywowanie pacjenta do systematycznego zażywania leków, wyjaśnienie mechanizmu ich działania [Kózka, 2020; Windyga i wsp., 2014; Zawilska, 2016], • zastosowanie preparatów działających miejscowo w postaci żelowej lub aerozolu, np. Venożel, Lioton 1000 [Kózka, Rożnowska, 2009; Kózka, 2020], • w przypadku nasilonych objawów i zwiększonego ryzyka wystąpienia zakrzepicy żylnej współudział w modyfikacji leczenia poprzez zastosowanie doustnych antykoagulantów oraz edukacja pacjenta: – zwrócenie uwagi na inne przyjmowane leki, które mogą nasilać lub hamować działanie przeciwzakrzepowe (np. niektóre leki przeciwbólowe, przeciwzapalne) oraz przyjmowane pokarmy (hamująco na doustne antykoagulanty wpływają duże ilości witaminy K w pożywieniu) oraz stopień wysiłku fizycznego [Szewczyk, Jawień, 2010], – obserwacja objawów powikłań antykoagulantów doustnych w zakresie zwiększonej skłonności do krwawień i zgłoszenie się do lekarza w przypadku ich wystąpienia celem dokonania oznaczenia INR oraz poinformowania o dodatkowo przyjmowanych lekach i chorobach współistniejących, – wskazanie pacjentowi potrzeby informowania pracowników medycznych, m.in. lekarzy, dentystów o przyjmowaniu leków przeciwkrzepliwych [Szewczyk, Jawień, 2010].",konczyny-gorne,high,,konczyny-dolne,konczyny-gorne
zakrzepica-zylna-ryzyko-wystapienia,8.4,3,"Edukacja pacjenta w zakresie działań wpływających na poprawę krążenia w naczyniach żylnych: • zachęcanie pacjenta do wykonywania ćwiczeń wpływających na poprawę przepływu żylnego, • motywowanie do regularnego podejmowania aktywności fizycznej i wykonywania ćwiczeń przynajmniej 3 × dziennie (zalecany jest marsz, spacery, pływanie, biegi, jazda rowerem, wykonywanie naprzemiennych ruchów stóp podczas stania lub siedzenia), • zalecenie pacjentowi, aby w czasie wykonywania ćwiczeń dynamicznych wykonywał głębokie oddechy, • zalecenie pacjentowi unikania wykonywania ćwiczeń statycznych, jak: dźwiganie ciężarów i ćwiczeń z dużymi obciążeniami, treningów w siłowni, jazdy na nartach, pchania kuli, długich wycieczek rowerowych lub długich biegów [Kózka, Rożnowska, 2009; Kózka, 2020], • po długotrwałym staniu lub siedzeniu zalecenie pacjentowi odpoczynku z uniesieniem kończyn dolnych powyżej poziomu serca, kilkakrotnie w ciągu dnia, • zalecenie pacjentowi redukcji masy ciała poprzez zastosowanie diety niskokalorycznej, ale zbilansowanej, oraz ograniczenie węglowodanów, tłuszczów pochodzenia zwierzęcego, a uwzględnienie w diecie wysokowartościowych białek, warzyw, owoców, razowego pieczywa i kasz gruboziarnistych, • zalecenie pacjentowi unikania zaparć poprzez przyjmowanie pokarmów bogatych w błonnik, np. otrębów, zwiększenie ilości płynów (najlepiej niegazowanej wody mineralnej), • współudział w modyfikacji współistniejących czynników ryzyka: – unikanie gorących kąpieli i nadmiernego nasłonecznienia, zalecenie chłodnego prysznica przez ok. 10 s na każdą kończynę, rozpoczynając od stóp, oraz marsz w wannie w kilkucentymetrowej wodzie – noszenie odpowiedniej (nieuciskającej) odzieży oraz obuwia na niskich obcasach, – unikanie długotrwałych podróży w bezruchu [Kózka, Rożnowska, 2009; Kózka, 2020; Szewczyk, Jawień, 2010; Tomkowski i wsp., 2017].",cale-cialo,low,konczyny-dolne:9 brzuch:4 klatka-piersiowa:3,konczyny-dolne,cale-cialo
zakrzepica-zylna-ryzyko-wystapienia,8.4,4,"Pouczenie pacjenta o konieczności systematycznego monitorowania stanu zdrowia w zakresie: • wystąpienia objawów zatorowości płucnej, takich jak: nasilone dolegliwości bólowe, nasilony obrzęk łydki i uda, zaczerwienienie chorej kończyny, gorączka, ból w klatce piersiowej, duszność, • konieczności natychmiastowego zgłoszenia się do lekarza w przypadku pojawienia się niepokojących objawów [Konstantnides i wsp., 2014; Windyga i wsp., 2014].",cale-cialo,low,konczyny-dolne:6 skora:5 cale-cialo:4,konczyny-dolne,cale-cialo
zakrzepica-zylna-ryzyko-wystapienia,8.4,5,"Współpraca z rodziną i zespołem terapeutycznym (lekarzem, pielęgniarką, dietetykiem, fizjoterapeutą, psychologiem): • informowanie pacjenta o podejmowanych i planowanych interwencjach w zakresie leczenia i sprawowania opieki, wyjaśnienie wszystkich wątpliwości pacjenta, • nawiązanie kontaktu terapeutycznego przez okazanie akceptacji, cierpliwości, aktywnego słuchania i życzliwości, umożliwienie pacjentowi zadawania pytań oraz wyrażenia wątpliwości i obaw związanych z zaleconym postępowaniem [Szewczyk, Jawień, 2010; Tomkowski i wsp., 2012; Zawilska, 2016].",,none,,,
obrzek-limfatyczny,8.5,0,"Udział w ocenie obrzęku: lokalizacja i rozmiar obrzęku, konsystencja skóry (plastyczna, elastyczna, twarda), nieprawidłowe zabarwienie w zajętych obszarach, obecność zgrubień, rogowacenia, ucieplenie, objawy zakażenia, obecność limfotoku, owrzodzeń, pomiar masy ciała.",skora,medium,,skora,skora
obrzek-limfatyczny,8.5,1,Ocena stanu skóry oraz objawów towarzyszących i ich natężenia.,skora,medium,,skora,skora
obrzek-limfatyczny,8.5,2,"Edukacja pacjentki dotycząca: • umiejętności rozpoznawania oznak i objawów obrzęku limfatycznego (zaleca się obejrzenie siebie w lustrze z częstotliwością 2 × w tygodniu w celu poszukiwania zmian patologicznych), • utrzymania prawidłowej masy ciała, BMI w granicach 18,5-24,99 kg/m2, • unikania braku aktywności oraz nadmiernego przeciążania kończyn długotrwałym i intensywnym wysiłkiem fizycznym (zachęcenie do codziennej aktywności, np. spacerów, jogi, jazdy na rowerze, wchodzenia po schodach), • unikania stania lub siedzenia ze skrzyżowanymi nogami przez dłuższy czas, • unoszenia obrzękniętych kończyn, • unikania przegrzewania obrzękniętych części ciała (opalania, gorących kąpieli) lub narażenia na ekstremalne zimno, • stosowania kremów przeciwsłonecznych, • unikania noszenia ciasnej bielizny, • unikania uszkodzeń skóry oraz urazów w obrębie obrzękniętych części ciała (skaleczeń, ukąszeń owadów, iniekcji), • noszenia wygodnego obuwia niepowodującego otarć, • zachowania ostrożności w trakcie obcinania paznokci, usuwania skórek, • codziennego dokładnego mycia i osuszania skóry, zwłaszcza w miejscach narażonych na powstanie infekcji grzybiczych (przestrzeni międzypalcowych i między fałdami skórnymi), • regularnego stosowania emolientów.",skora,high,,skora,skora
obrzek-limfatyczny,8.5,3,"Udział w kompleksowej terapii przeciwobrzękowej. Kompleksowa terapia przebiega na dwóch etapach: pierwszy ma na celu szybkie zmniejszenie rozmiaru obrzęku, drugi to leczenie podtrzymujące, którego celem jest zachowanie i optymalizacja wyników na pierwszym etapie.",,none,,,
obrzek-limfatyczny,8.5,4,"Pierwszy etap leczenia składa się z pielęgnacji skóry, ręcznego drenażu limfatycznego, ćwiczeń oraz kompresjoterapii w postaci wielowarstwowego bandażowania, na drugim etapie zaleca się noszenie pończoch uciskowych, pielęgnację skóry oraz kontynuację ćwiczeń.",konczyny-dolne,low,skora:4,konczyny-dolne,konczyny-dolne
obrzek-limfatyczny,8.5,5,"Udział w leczeniu farmakologicznym: • jednorazowe lub kilkudniowe podawanie glikokortykosteroidu o działaniu przeciwobrzękowym, • intensywne odwodnienie pacjenki z zastosowaniem diuretyku pętlowego w hipertonicznym roztworze soli.",,none,,,
obrzek-limfatyczny,8.5,6,"Systematyczna ocena przestrzegania zaleceń terapeutycznych oraz monitorowanie zmian motywacji pacjentki, spowodowanych czynnikami psychospołecznymi.",,none,,,
obrzek-limfatyczny,8.5,7,Ocena efektywności podjętych interwencji.,,none,,,
nieefektywne-karmienie-piersia,9.1,0,Przystawienie dziecka do piersi bezpośrednio po porodzie.,,none,,,
nieefektywne-karmienie-piersia,9.1,1,Umieszczenie dziecka i matki po porodzie na jednej sali (w systemie rooming-in).,,none,,,
nieefektywne-karmienie-piersia,9.1,2,"Zapoznanie z zasadami prawidłowego przystawienia do piersi: • usta dziecka są szeroko otwarte i obejmują znaczną część otoczki brodawki sutkowej, po szybkich i płytkich ruchach ssących następują wolniejsze i znowu szybsze, słychać połykanie pokarmu, nie występują inne odgłosy.",usta-drogi-oddechowe,medium,,usta-drogi-oddechowe,usta-drogi-oddechowe
nieefektywne-karmienie-piersia,9.1,3,"Nauczenie matki prawidłowej techniki karmienia dziecka piersią przez: • podtrzymywanie piersi - pierś powinna być trzymana całą dłonią od spodu, kciuk luźno ułożony na wierzchu, palec wskazujący podtrzymuje pierś od spodu, kciuk i palec wskazujący omijają otoczkę brodawki, • wyjęcie dziecka z kocyka i zwrócenie brzuszkiem do brzucha matki, usta dziecka ułożone na wysokości brodawki, dziecko dobrze podparte i mocno przytulone, • przystawienie dziecka do piersi tak, aby jego usta objęły brodawkę sutkową i część otoczki, • odczekanie, aż dziecko szeroko otworzy buzię, naprowadzenie zręcznym ruchem ust dziecka na brodawkę dłonią, na której leży główka dziecka.",brzuch,low,konczyny-gorne:6,brzuch,brzuch
nieefektywne-karmienie-piersia,9.1,4,"Dokonanie oceny efektywności karmienia piersią. Ocenie podlega: • pozycja matki przy karmieniu, technika karmienia, ssanie pokarmu, przystawianie noworodka, wygląd brodawek, przerywanie ssania, • zachowanie noworodka podczas karmienia, rodzaje stolca, liczba zmoczonych pieluch, kontrola liczby karmień w ciągu dnia i nocy.",brzuch,medium,,brzuch,brzuch
nieefektywne-karmienie-piersia,9.1,5,"Nauczenie odciągania mleka z piersi (ręcznie, odciągaczem) w sytuacji zalegania pokarmu.",,none,,,
nieefektywne-karmienie-piersia,9.1,6,Wyjaśnienie matce wszystkich obaw związanych z karmieniem.,,none,,,
niedozywienie,9.2,0,"Ocena stanu odżywienia i metabolizmu organizmu pacjenta w bezpośrednim okresie pooperacyjnym (analiza badań laboratoryjnych: albumina, białko całkowite, prealbumina, transferyna). Ustalenie wskazań do żywienia poprzez określenie ryzyka metabolicznego, tzw. szybkiej i skutecznej oceny klinicznej z uwzględnieniem: • wskaźnika masy ciała BMI, • dotychczasowej utraty procentowej masy ciała, • braku możliwości włączenia diety doustnej przez ponad 7 dni, • ustalenie ograniczonej możliwości przyjmowania pokarmów drogą doustną z uwzględnieniem braku utrzymania dziennego spożycia pokarmów > 50% zapotrzebowania przez okres ponad 10 dni, • ustalenie wzrostu metabolizmu z powodu choroby pacjenta, w tym rozległości urazu operacyjnego, • uwzględnienie stosowanego leczenia żywieniowego w okresie przedoperacyjnym (kontynuacja żywienia) w przypadku/ z powodu dużego ryzyka żywieniowego [Kłęk i wsp., 2019].",,none,,,
niedozywienie,9.2,1,"Zastosowanie żywienia pozajelitowego lub dojelitowego z uwzględnieniem podstawowego zapotrzebowania na składniki odżywcze. Dostarczenie składników pokarmowych ilościowo i jakościowo dostosowanych do potrzeb pacjenta: węglowodanów 35-50%, tłuszczów 30-50%, białka 15-20% [Sobocki, 2016; Kłęk, 2018].",brzuch,high,,brzuch,brzuch
niedozywienie,9.2,2,"Zastosowanie żywienia dojelitowego przez założoną śródoperacyjnie sondę dojelitową, ok. 4-5 dni po zabiegu operacyjnym zgodnie z kartą zleceń lekarskich: • podawanie pacjentowi diety przemysłowej przez sondę dojelitową metodą grawitacyjną na zlecenie i według ustalonego schematu na oddziale, np. podaż diety przemysłowej oligomerycznej po 12/24 godz. od zabiegu o przepływie 10-20 ml/godz., zwiększając szybkość podania co 12 godz. o ok. 10 ml/godz. do ok. 100 ml/godz. w 4. dobie w ciągu • obserwacja objawów nietolerancji diety (np. pojawienie się wzdęć brzucha, nudności, biegunki) [Noszczyk, 2019; Kłęk, 2018].",brzuch,high,,brzuch,brzuch
niedozywienie,9.2,3,Zastosowanie żywienia pozajelitowego według zleconego schematu zgodnie z kartą zleceń lekarskich.,brzuch,high,,brzuch,brzuch
niedozywienie,9.2,4,"Opieka nad pacjentem w trakcie żywienia oraz monitorowanie leczenia żywieniowego dojelitowego lub pozajelitowego zgodnie ze standardem Polskiego Towarzystwa Żywienia Pozajelitowego i Dojelitowego i Metabolizmu: • ocena stanu metabolicznego pacjenta, • monitorowanie stanu pacjenta podczas podawania preparatów odżywczych drogą dożylną i przez sondę dojelitową zgodnie z przyjętą procedurą, • pielęgnowanie pacjenta z założoną sondą dojelitową według ustalonego standardu, • pielęgnacja dostępu naczyniowego.",brzuch,high,,brzuch,brzuch
niedozywienie,9.2,5,"Wprowadzenie diety doustnej po zabiegu chirurgicznym: • dieta płynna od pierwszej doby po zabiegu operacyjnym, przyjmowana z umiarkowaną częstotliwością, • stopniowe rozszerzanie diety: w pierwszej kolejności niskotłuszczowej w postaci pokarmów zmiksowanych (druga doba), a następnie zmielonych, • zastosowanie doustnych płynnych diet przemysłowych (oral nutritonal supplements, ONS), w ilości 400-600 ml/dobę - zalecenie pacjentowi spożywania powoli, małymi łykami, pomiędzy posiłkami, • spożywanie mniejszych objętości posiłków, ale częściej - 6-8 × dziennie.",klatka-piersiowa,high,,klatka-piersiowa,klatka-piersiowa
niedozywienie,9.2,6,"Obserwacja chorego w kierunku objawów nietolerancji przewodu pokarmowego na wprowadzane pokarmy stałe, np. wymiotów, biegunki, objawów zespołu poresekcyjnego w postaci objawów wczesnego lub późnego zespołu poposiłkowego: • poinformowanie pacjenta o możliwości wystąpienia objawów związanych z zaburzeniem fizjologicznej drogi wchłaniania się treści pokarmowej w okresie pooperacyjnym oraz udzielenie wskazówek dotyczących profilaktyki, takich jak: – unikanie w diecie wszelkich stężonych pokarmów, – unikanie przyjmowania jednorazowo zwiększonej ilości płynów hipertonicznych, – ograniczenie objętości jednorazowych porcji posiłków, – zmniejszenie objętości węglowodanów i substancji osmotycznie czynnych, które przechodzą do bliższego odcinka jelita cienkiego (unikanie słodyczy, miodu, mleka, soków owocowych) [Strzelec i wsp., 2018].",brzuch,high,,brzuch,brzuch
niedozywienie,9.2,7,"Wprowadzenie zasad odżywiania dietetycznego w późniejszym okresie pooperacyjnym po leczeniu szpitalnym: • wyjaśnienie pacjentowi konieczności przestrzegania zaleceń dietetycznych, takich jak: – częste spożywanie lekkostrawnych, ciepłych posiłków w niewielkich ilościach: – stosowanie diety bogatobiałkowej (110-130 g/dobę) z ograniczeniem mleka ze względu na biegunki, – ograniczenie podaży tłuszczów (50-70 g/dobę), zwiększenie ilości tłuszczu roślinnego w diecie, – ograniczenie spożywania węglowodanów prostych i zwiększenie spożycia produktów zawierających błonnik rozpuszczalny, – spożywanie potraw lekkostrawnych, wykluczenie pokarmów ciężkostrawnych oraz wzdymających, – wyeliminowanie picia alkoholu, napojów gazowanych, ograniczenie spożywania kawy, kakao, czekolady, – przygotowywanie potraw gotowanych, unikanie smażonych – dokładne rozgryzanie i przeżuwanie pokarmu, – ograniczenie spożywania napojów do posiłków, przyjmowanie płynów przed posiłkiem lub po posiłku [Strzelec i wsp., 2018].",brzuch,medium,,brzuch,brzuch
niedozywienie,9.2,8,"Zwrócenie uwagi pacjenta na samokontrolę przewodu pokarmowego przy wprowadzaniu nowych produktów do diety oraz na objawy nietolerancji diety (wymioty, biegunkę, objawy zespołu poposiłkowego). Zastosowanie działań leczniczo-pielęgnacyjnych ukierunkowanych na leczenie objawowe.",brzuch,medium,,brzuch,brzuch
niedozywienie,9.2,9,"Okresowa kontrola masy ciała, wykonywanie badań laboratoryjnych krwi (morfologii, stężenia żelaza, witaminy B12, albumin, elektrolitów) i uzupełnienie niedoborów (często niedoboru żelaza, składników odżywczych).",,none,,,
nadwaga-otylosc,9.3,0,"Wyjaśnienie pacjentce zaplanowanego leczenia żywieniowego Konsultacja dietetyka i zaplanowanie leczenia dietetycznego na podstawie wywiadu z pacjentką dotyczącego dotychczasowego sposobu żywienia. Dostarczenie podstawowych informacji na temat prawidłowych nawyków żywieniowych (częstości, regularności, jakości, ilości, konsystencji spożywanych posiłków): • dostarczenie materiałów edukacyjnych dotyczących zasad zbilansowanej diety, • poinformowanie o możliwościach dostosowania zasad prawidłowego odżywiania do prowadzonego stylu życia.",,none,,,
nadwaga-otylosc,9.3,1,"Zastosowanie diety ubogoenergetycznej, ograniczającej spożycie tłuszczów i węglowodanów: • wykluczenie lub znaczne ograniczenie tłuszczu dodawanego do potraw (kanapek, sosów, zasmażek), • spożywanie produktów o obniżonej zawartości tłuszczów zwierzęcych (np. w margarynach, majonezach, wędlinach, mleku i jego przetworach), • przygotowywanie beztłuszczowe potraw (np. smażenie beztłuszczowe, grill), • wyeliminowanie lub ograniczenie (w zależności od współistniejących schorzeń) przyjmowania produktów zawierających nienasycone kwasy tłuszczowe, z kwasem linolowym (tłuszczów jednonienasyconych - oliwy z oliwek, oleju rzepakowego oraz tłuszczów wielonienasyconych - ryb, olejów roślinnych), • przyjmowanie w diecie odpowiedniej ilości węglowodanów oraz ograniczenie spożycia łatwo przyswajalnych węglowodanów - cukrów prostych (słodyczy, napojów słodzonych), • utrzymanie w diecie prawidłowej ilości białka, witamin i składników mineralnych, • zwiększenie spożycia warzyw i owoców (z wyjątkiem tych zawierających nadmiar węglowodanów, np. bananów, gruszek) oraz innych pokarmów zawierających błonnik (razowe pieczywa, suche nasiona roślin strączkowych).",,none,,,
nadwaga-otylosc,9.3,2,Zalecenie pacjentce utrzymania prawidłowego bilansu wodno-elektrolitowego poprzez dostarczenie organizmowi ok. 2 l płynów wraz z suplementacją elektrolitów i witamin.,,none,,,
nadwaga-otylosc,9.3,3,Wdrożenie postępowania dietetycznego zapewniającego uzyskanie deficytu energetycznego - 600 kcal (ok. 2500 kJ) dziennie przez zastosowanie diety dostarczającej 1200 do 1300 kcal (ok. 5000 do 5400 kJ).,,none,,,
nadwaga-otylosc,9.3,4,"Przekazanie pacjentce zaleceń dotyczących prawidłowych nawyków żywieniowych, konieczności regularnego, częstego spożywania posiłków w małych ilościach (4-5 × dziennie).",,none,,,
nadwaga-otylosc,9.3,5,"Zalecenie pacjentce zwiększonej aktywności fizycznej: • ćwiczenia dynamiczne aerobowe, jak: taniec, aerobik, jazda na rowerze, pływanie wykonywane 3 × w tygodniu przez min. 30 min, • zastosowanie umiarkowanego wysiłku, np. 1-2 godz. marszu, ale regularnie powtarzanego przez długi okres, • stopniowe zwiększanie intensywności wysiłku uwzględniające wydolność krążeniowo-oddechową i sprawność ruchową oraz współistnienie chorób.",klatka-piersiowa,high,,klatka-piersiowa,klatka-piersiowa
nadwaga-otylosc,9.3,6,Zastosowanie leczenia farmakologicznego zgodnie z zaleceniami lekarza oraz obserwacja w kierunku oczekiwanych efektów i objawów ubocznych zastosowanego leczenia.,,none,,,
nadwaga-otylosc,9.3,7,"Obserwacja wartości ciśnienia tętniczego krwi, motywowanie pacjentki do pomiaru ciśnienia oraz obserwowania wahań CTK, regularnego zażywania leku i występowania możliwych objawów niepożądanych farmakoterapii.",konczyny-gorne,high,,konczyny-gorne,konczyny-gorne
nadwaga-otylosc,9.3,8,Pomiar glikemii oraz obserwowanie wartości odchyleń od normy. Motywowanie do stosowania się do zalecanej diety.,,none,,,
nadwaga-otylosc,9.3,9,"Zastosowanie działań psychoterapeutycznych: • wyjaśnienie pacjentce konsekwencji otyłości oraz zasad zaleconej diety, a także stworzenie emocjonalnych bodźców potrzebnych do zredukowania masy ciała, • rozpoznanie i zrozumienie mechanizmów jedzenia w nadmiernych ilościach, a następnie opracowanie strategii radzenia sobie z niepożądanymi zachowaniami, • zapewnienie motywacji i wsparcia w utrzymaniu zmodyfikowanej diety redukującej masę ciała, motywacja do prowadzenia dzienniczka dietetycznego, kontaktu z dietetykiem klinicznym, • analiza zachowań i emocji związanych z żywieniem, wzmocnienie samooceny, zmiana sposobu rozwiązywania sytuacji trudnych poprzez zachęcanie pacjenta do kontaktu z grupami wsparcia dla osób z problemami otyłości, współpracy z rodziną i osobami bliskimi.",,none,,,
nadwaga-otylosc,9.3,10,Zapoznanie pacjentki z metodami chirurgicznymi leczenia otyłości. Umożliwienie kontaktu z lekarzem celem wyjaśnienia ewentualnej kwalifikacji do wybranego sposobu zabiegu operacyjnego.,,none,,,
zaburzenia-polykania-dysfagia,9.4,0,"Modyfikacja konsystencji diety: • dieta papkowata, wysokokaloryczna, wysokobiałkowa, • dodawanie do płynów preparatów zagęszczających (na bazie gumy guar i maltodekstryny) w ilości pozwalającej uzyskać pożądaną konsystencję (syropu, gęstego sosu, budyniu).",,none,,,
zaburzenia-polykania-dysfagia,9.4,1,"Spożywanie posiłków w pozycji półwysokiej/ siedzącej: • ułożenie pacjentki w pozycji półwysokiej/ siedzącej przez 30 min przed posiłkiem oraz pozostanie w takiej pozycji przez 30 min po posiłku, • w trakcie posiłku lekkie pochylenie głowy do przodu.",glowa,medium,,glowa,glowa
zaburzenia-polykania-dysfagia,9.4,2,"Bezpieczne karmienie: • zalecenie pacjentce spożywania posiłków powoli, • podawanie posiłków częściej, ale o mniejszej objętości, ok. 6 posiłków/dobę, • podawanie posiłków o temperaturze pokojowej, • obserwacja pacjentki w trakcie spożywania posiłków pod kątem niepokojących objawów.",,none,,,
zaburzenia-polykania-dysfagia,9.4,3,"Monitorowanie dynamiki zaburzeń połykania oraz zmian w stanie odżywienia: • regularny pomiar i ocena wskaźnika masy ciała (BMI) oraz stanu odżywienia, np. wg skali NRS 2002 lub SGA, • ocena liczby, objętości przyjmowanych posiłków i płynów oraz czasu spożywania posiłków, • wykonanie dodatkowych badań biochemicznych na zlecenie lekarza, np. poziomu albumin, prealbumin.",usta-drogi-oddechowe,medium,,usta-drogi-oddechowe,usta-drogi-oddechowe
zaburzenia-polykania-dysfagia,9.4,4,"Utrzymanie higieny jamy ustnej: • regularna higienizacja zębów (protezy zębowej), języka, dziąseł oraz podniebienia przy użyciu preparatów w postaci pasty lub płynu.",usta-drogi-oddechowe,high,,usta-drogi-oddechowe,usta-drogi-oddechowe
nudnosci-wymioty,9.5,0,"Ułożenie dziecka w pozycji grzbietowej (półwysokiej lub wysokiej), z odchyleniem głowy na bok lub ułożenie w pozycji bocznej, (półwysokiej lub wysokiej).",glowa,medium,,glowa,glowa
nudnosci-wymioty,9.5,1,"Zapewnienie pomocy w czasie wymiotów, np. podtrzymanie dziecku głowy.",glowa,medium,,glowa,glowa
nudnosci-wymioty,9.5,2,"Przeprowadzenie z dzieckiem i rodzicami wywiadu dotyczącego: • początku, rodzaju i nasilenia objawów choroby, • związku wymiotów z porą dnia, posiłkami, aktywnością dziecka, • charakteru wymiotów (wysiłkowe, chlustające), • treści wymiocin (pokarmowa, soki trawienne, krew, żółć), • objawów towarzyszących wymiotom (bólów brzucha, głowy, biegunki, gorączki), • aktualnego żywienia dziecka, • wywiadu epidemiologicznego (występowania wymiotów u innych domowników, uczęszczania do żłobka, podróży do krajów tropikalnych).",brzuch,high,cale-cialo:4 glowa:3,brzuch,brzuch
nudnosci-wymioty,9.5,3,"Ocenianie stanu nawodnienia - powrót włośniczkowy, elastyczność skóry, nawilżenie błon śluzowych, diureza, wartość ciśnienia tętniczego krwi, częstotliwość i charakter tętna, oddechu, stan ocieplenia dystalnych części ciała, pragnienie, zachowanie dziecka, stan przytomności.",cale-cialo,low,miednica:4 skora:4 klatka-piersiowa:3,miednica,cale-cialo
nudnosci-wymioty,9.5,4,Obserwowanie dziecka pod kątem zaburzeń elektrolitowych i kwasowo-zasadowych. Interpretacja wyników badań gospodarki elektrolitowej i kwasowo-zasadowej.,,none,,,
nudnosci-wymioty,9.5,5,"Przygotowanie psychiczne i fizyczne dziecka do pobrania materiału biologicznego - morfologia, stężenie elektrolitów (Na, K, Cl), równowaga kwasowo-zasadowa, stężenie mocznika, kreatyniny, poziom ciał ketonowych w moczu: • przekazanie dziecku w sposób zrozumiały informacji o wykonywanych badaniach, • pozwolenie rodzicom na obecność w czasie badań i zachęcanie ich do udzielania dziecku wsparcia, • wybranie najlepszej żyły obwodowej do uzyskania dostępu dożylnego i nałożenie na skórę kremu o działaniu miejscowo znieczulającym, np. Emla.",miednica,low,skora:4,skora,miednica
nudnosci-wymioty,9.5,6,"Przygotowanie psychiczne i fizyczne dziecka do wykonania badań obrazowych (zależnie od wskazań wynikających z obrazu klinicznego): USG jamy brzusznej, RTG przeglądowe jamy brzusznej, TK głowy.",glowa,medium,,glowa,glowa
nudnosci-wymioty,9.5,7,"Leczenie według indywidualnej karty zleceń: nawadnianie dożylne, w razie wskazań zastosowanie leków o działaniu przeciwwymiotnym.",,none,,,
nudnosci-wymioty,9.5,8,Prowadzenie bilansu wodnego.,,none,,,
nudnosci-wymioty,9.5,9,"Pozostanie przy dziecku, zadbanie o spokojną, pogodną atmosferę, zapewnienie warunków do wypoczynku.",,none,,,
nudnosci-wymioty,9.5,10,"Zalecenie wykonywania głębokich oddechów przez usta. Podanie płynów do picia o temperaturze pokojowej, małymi porcjami, z przerwami co kilka minut. Przestrzeganie zaleconego postępowania dietetycznego.",klatka-piersiowa,medium,,klatka-piersiowa,klatka-piersiowa
nudnosci-wymioty,9.5,11,"Zapewnienie higieny osobistej i otoczenia dziecka (podanie płynu do płukania jamy ustnej, chusteczek higienicznych, wietrzenie pomieszczenia, zmiana bielizny osobistej i pościelowej, szybkie usuwanie treści wymiotnej).",usta-drogi-oddechowe,high,skora:3,usta-drogi-oddechowe,usta-drogi-oddechowe
nudnosci-wymioty,9.5,12,"Unikanie aktywności po posiłku, eliminowanie dolegliwości bólowych, unikanie bolesnych, nieprzyjemnych zabiegów, szczególnie przed posiłkiem.",,none,,,
nudnosci-wymioty,9.5,13,"Okazanie wsparcia dziecku i rodzicom poprzez: • atmosferę serdeczności i życzliwości, • stałą obecność matki przy dziecku, jej udział w opiece nad dzieckiem i w procesie podejmowania decyzji dotyczącej pielęgnowania dziecka, • uwzględnienie w pielęgnacji przyzwyczajeń dziecka, • zapewnienie warunków do snu i wypoczynku, • edukację rodziców na temat pielęgnacji dziecka w przebiegu wymiotów, informowanie o podejmowanych interwencjach leczniczo-pielęgnacyjnych.",,none,,,
zaparcia,10.1,0,"Przeprowadzenie z rodzicami i dzieckiem wywiadu dotyczącego: • czasu oddania smółki po urodzeniu, • dotychczasowych sposobów defekacji (pory dnia), • czasu trwania zaparć (od kiedy występują objawy), • częstości wypróżnień (należy uwzględnić częstość wypróżnień zależną od wieku), objętości, konsystencji stolca, obecności krwi w stolcu, • objawów towarzyszących oddawaniu stolca (bólu w czasie defekacji), • występowania zanieczyszczenia kałem (nietrzymania stolca), • zachowania przy oddawaniu stolca, • sposobu odżywiania się pacjenta (z analizą objętości przyjmowanych codziennie płynów, zawartości błonnika, potencjalnie zapierających pokarmów), • oceny łaknienia, • występowania wymiotów, wzdęć, bólu brzucha, trudności z oddawaniem moczu (wykluczenia zaburzeń neurologicznych), • stanu psychicznego dziecka (próby określenia przez rodziców czynników natury emocjonalnej predysponujących do zaparcia), • przyjmowanych obecnie leków.",brzuch,high,miednica:4,brzuch,brzuch
zaparcia,10.1,1,"Badanie fizykalne, ocena: • stanu odżywienia (w kierunku wyniszczenia), • budowy powłok brzusznych, • okolicy kości krzyżowej, prawidłowości budowy pośladków, okolicy okołoodbytniczej (położenia odbytu, zmian skórnych w okolicy odbytu, obecności stolca (nietrzymania stolca), czucia w okolicy odbytu i krocza), • występowania twardych mas kałowych i wzdęcia brzucha, obecności perystaltyki jelitowej, • obecności szczelin w kanale odbytu, podatności kanału odbytu, obecności i konsystencji stolca w bańce odbytu - w badaniu per rectum. Badania laboratoryjne: morfologia krwi, stężenie wapnia i TSH w surowicy.",brzuch,high,plecy:6,brzuch,brzuch
zaparcia,10.1,2,"Leczenie pierwszego wyboru zaparcia czynnościowego - zastosowanie zabiegów dorektalnych w razie wskazań: • Faza I (odblokowanie): – PEG 4000 - glikol polietylenowy (1-1,5 g/ kg mc./24 godz. przez kolejne 3-6 dni – wlewka doodbytnicza roztworu fosforanów (2,5 ml/kg mc., maks. 133 ml co 24 godz. przez kolejne 3-6 dni) w przedziale wiekowym od 1. do 18. roku życia (zarejestrowane w Polsce preparaty dla dzieci powyżej 3. roku życia to Enema i Rectanal), – wlewki doodbytnicze 0,9% NaCl: < 1. roku życia - 3-6 ml/kg mc. co 12 lub 24 godz., > 1. roku życia 6 ml/kg mc. co 12 lub 24 godz. • Faza II podtrzymująca: – PEG 4000, PEG 3350 (0,2-0,8 g/kg mc./ 24 godz.).",brzuch,high,,brzuch,brzuch
zaparcia,10.1,3,"Ustalenie indywidualnej diety dla dziecka po konsultacji z dietetykiem (przy zaparciach czynnościowych): • dieta bogatoresztkowa, czyli zwiększenie ilości błonnika pokarmowego do 20-30 g/dobę, w kilku porcjach przez podawanie: - produktów zbożowych: kaszy gryczanej, jęczmiennej, jaglanej, chleba razowego, chleba żytniego, otrąb (przewlekłe stosowanie upośledza wchłanianie żelaza, cynku, magnezu i fosforu, dlatego należy okresowo kontrolować ich stężenie w surowicy), - owoców i warzyw - jabłek, agrestu, poziomek, ogórków, winogron (rodzynek), suszonych śliwek i fig, rzepy, buraków, rzodkiewek, pomidorów, szczawiu, kapusty kiszonej, kalarepy, groszku zielonego i wszystkich roślin strączkowych, ziemniaków, - chłodnych płynów: wody, mleka, maślanki, kefiru, kompotu z suszonych śliwek, jogurtu (na czczo na ½ godz. przed śniadaniem ½-1 szklanka soku z owoców lub warzyw, wody mineralnej, wody przegotowanej z miodem i sokiem cytrynowym), - powideł ze śliwek, - tłuszczów - masła, oliwy z oliwek, • regularne spożywanie posiłków, 4-5 ×/dobę, • zwiększenie ilości wypijanych płynów do dziennie).",brzuch,medium,,brzuch,brzuch
zaparcia,10.1,4,"Zalecenie dziecku zwiększenia aktywności ruchowej w czasie leżenia w łóżku, np.: • częstą zmianę pozycji (w miarę możliwości układanie się na brzuchu), ćwiczenia mięśni tłoczni brzucha, ćwiczenia oddechowe podczas leżenia w łóżku, • masaż brzucha kilka razy dziennie - dłonią przez 2-3 min z zastosowaniem ruchów głaskających w kierunku zgodnym z ruchem wskazówek zegara (wokół pępka, zataczając coraz szersze kręgi, i wzdłuż przebiegu jelita grubego).",brzuch,low,konczyny-gorne:6 klatka-piersiowa:3,brzuch,brzuch
zaparcia,10.1,5,"Stosowanie doustnych środków przeczyszczających w razie wskazań, takich jak: • środki torujące (parafina płynna, związki śluzowe i koloidalne), • na zlecenie lekarza: – leki osmotyczne rozluźniające stolec: laktuloza, makrogole (glikol polietylenowy) - PEG, Forlaxchory powinien dużo pić przy przyjmowaniu tych środków, – leki drażniące (bisakodyl, czopki glicerynowe). Należy unikać stosowania pobudzających środków przeczyszczających długotrwale, ze względu na ryzyko uzależnienia.",brzuch,high,,brzuch,brzuch
zaparcia,10.1,6,"Dbanie o regularne wypróżnienia - zalecanie dziecku prób oddawania stolca 5-10 min po posiłkach do ok. 30 min (należy ustalić regularny, stały czas), umożliwienie wydalania w porze, do której dziecko było przyzwyczajone, codzienne dokonywanie oceny wypróżnień i ich odnotowywanie w zeszycie wypróżnień.",brzuch,medium,,brzuch,brzuch
zaparcia,10.1,7,"Pomoc dziecku w przyjmowaniu wygodnej, fizjologicznej pozycji podczas defekacji, zapewnienie intymności i spokoju w czasie defekacji.",brzuch,medium,,brzuch,brzuch
zaparcia,10.1,8,"W przypadku tzw. kamieni kałowych ręczna ewakuacja stolca (najczęściej jest to zabieg bolesny dla chorego) - miejscowe stosowanie środka znieczulającego (lidokainy w żelu), podawanie leku przeciwbólowego zwykle z lekiem uspokajającym.",brzuch,medium,,brzuch,brzuch
zaparcia,10.1,9,"Zaproponowanie rodzicom chłopca prowadzenia dzienniczka wypróżnień, uwzględniającego: • porę oddawania stolca, • częstość oddawania stolca, • objętość, konsystencję stolca, • stosowanie środków ułatwiających wypróżnienie, • zachowanie dziecka w czasie defekacji.",brzuch,medium,,brzuch,brzuch
zaparcia,10.1,10,"Okazanie wsparcia informacyjnego dziecku i rodzicom: • atmosfera serdeczności i życzliwości, • stała obecność matki przy dziecku w czasie hospitalizacji, jej udział w opiece nad dzieckiem oraz w procesie podejmowania decyzji dotyczącej pielęgnowania dziecka, • uwzględnienie w pielęgnacji przyzwyczajeń dziecka, • edukacja rodziców i dziecka na temat konieczności stałego, długotrwałego leczenia, prowadzenia dzienniczka wypróżnień, rozpoznawania zachowań retencyjnych u dziecka, stosowania prostych metod behawioralnych, takich jak regularne wysadzanie dziecka na toalecie (najlepiej po jedzeniu), nagradzanie za skuteczną defekację.",brzuch,medium,,brzuch,brzuch
zaparcia,10.1,11,Koncentracja na rodzinie; wdrożenie rodziców do współpracy w realizacji czynności pielęgnacyjnych i leczniczych w czasie hospitalizacji.,,none,,,
uzaleznienie-od-srodkow-przeczyszczajacych,10.2,0,"Zebranie wywiadu od pacjentki w celu: • określenia rodzaju, ilości, częstości stosowanych środków przeczyszczających, • oceny rytmu defekacji, konsystencji i ilości stolca, objawów towarzyszących przy oddawaniu stolca, • poznania emocji towarzyszących przyjmowaniu środków przeczyszczających (próby określenia przyczyn natury emocjonalnej), • oceny sposobu odżywiania i prowadzonego trybu życia, • poznania aktywności ruchowej dziecka.",brzuch,medium,,skora,brzuch
uzaleznienie-od-srodkow-przeczyszczajacych,10.2,1,"Uświadomienie pacjentce, że oddawanie stolca co 2-3 dni nie jest zaburzeniem (należy wykazać zrozumienie w stosunku do przekonania pacjentki i cierpliwość).",brzuch,medium,,brzuch,brzuch
uzaleznienie-od-srodkow-przeczyszczajacych,10.2,2,"Wyjaśnianie ryzyka wystąpienia powikłań w czasie regularnego stosowania środków przeczyszczających, takich jak: • zaburzanie prawidłowych ruchów perystaltycznych, atonia jelit, • ryzyko objawów ubocznych związanych z przyjmowaniem środków przeczyszczających (odwodnienie, hipokaliemia, hiponatremia, zaparcia, uszkodzenie funkcji nerek), • ryzyko wystąpienia interakcji w przypadku stosowania innych leków (np. diuretyków nieoszczędzających potas), • możliwość wystąpienia objawów po odstawieniu środków przeczyszczających (np. obrzęki).",brzuch,high,,brzuch,brzuch
uzaleznienie-od-srodkow-przeczyszczajacych,10.2,3,"Poinformowanie, że w nagłych sytuacjach związanych z trudnością oddania stolca należy stosować doodbytniczo czopki zamiast doustnych środków przeczyszczających.",brzuch,medium,,brzuch,brzuch
uzaleznienie-od-srodkow-przeczyszczajacych,10.2,4,"Motywowanie do zmiany sposobu odżywiania się poprzez: • rozmowę na temat preferowanej diety, • ustalenie diety pobudzającej perystaltykę jelit (bogatoresztkowej), • przekonanie pacjentki o potrzebie regularnego przyjmowania doustnie płynów (ok. 1,5-2 l/dobę), • zalecenie codziennego wypicia szklanki przegotowanej letniej wody na pół godziny przed śniadaniem, • motywowanie do częstego, regularnego przyjmowania posiłków.",brzuch,high,,brzuch,brzuch
uzaleznienie-od-srodkow-przeczyszczajacych,10.2,5,"Regulowanie czasu wypróżnień: • dyskusja z pacjentką na temat wyboru najbardziej optymalnego czasu defekacji, • zalecenie próby regularnego oddawania stolca po 10-15 min od zjedzenia śniadania, • pobudzanie prawidłowych ruchów perystaltycznych stymulujących defekację (np. picie ciepłych napojów), • nauka nieignorowania odruchu defekacji, • zapewnienie warunków intymności w czasie defekacji (np. zamknięcie drzwi, włączenie radia lub telewizora w celu maskowania dźwięków).",brzuch,medium,,brzuch,brzuch
uzaleznienie-od-srodkow-przeczyszczajacych,10.2,6,"Wyjaśnienie na czym polega optymalna pozycja: • zebranie danych dotyczących przyjmowanej przez pacjentkę pozycji w czasie defekacji z równoczesną jej oceną (prawidłowa/ nieprawidłowa) • w razie wskazań omówienie na czym polega prawidłowa pozycja w trakcie defekacji, która ma na celu zapewnienie optymalnego wykorzystania tłoczni brzusznej oraz grawitacji, • zademonstrowanie optymalnej pozycji, jaką należy przyjąć w trakcie defekacji.",brzuch,medium,,skora,brzuch
uzaleznienie-od-srodkow-przeczyszczajacych,10.2,7,"Zalecenie zmiany trybu życia: • wyeliminowanie czynników predysponujących do zaparcia, • przekonanie o potrzebie zwiększenia aktywności fizycznej (codzienna gimnastyka, zalecenie spacerów), • uczenie ćwiczeń zwiększających siłę mięśni zaangażowanych w akt defekacji, • masaż brzucha kilka razy dziennie - dłonią przez 2-3 min z zastosowaniem ruchów głaskających w kierunku zgodnym z ruchem wskazówek zegara (wokół pępka, zataczając coraz szersze kręgi, i wzdłuż przebiegu jelita grubego).",brzuch,high,konczyny-gorne:6,brzuch,brzuch
uzaleznienie-od-srodkow-przeczyszczajacych,10.2,8,"Zaproponowanie dziecku i rodzicom prowadzenia dzienniczka wypróżnień, uwzględniającego zapis: • pory oddawania stolca, • częstości oddawania stolca, • objętości, konsystencji stolca, • stosowania środków ułatwiających wypróżnienie, • zachowania dziecka w czasie defekacji.",brzuch,medium,,brzuch,brzuch
uzaleznienie-od-srodkow-przeczyszczajacych,10.2,9,"Okazanie wsparcia dziecku i rodzicom poprzez: • atmosferę serdeczności i życzliwości, • stałą obecność matki przy dziecku w czasie hospitalizacji, jej udział w opiece nad dzieckiem oraz w procesie podejmowania decyzji dotyczącej pielęgnowania dziecka, • uwzględnienie w pielęgnacji przyzwyczajeń dziecka, • edukację rodziców i dziecka na temat: konieczności stałego, długotrwałego leczenia, prowadzenia dzienniczka wypróżnień, rozpoznawania zachowań retencyjnych u dziecka, stosowania prostych metod behawioralnych, takich jak regularne korzystanie z toalety (najlepiej po jedzeniu).",brzuch,medium,,brzuch,brzuch
b-iegunka,10.3,0,"Przeprowadzenie z rodzicami dziecka wywiadu dotyczącego: • początku, rodzaju i nasilenia objawów choroby, • częstotliwości, liczby i charakteru oddawanych stolców, obecności ropy, krwi i śluzu w stolcu, • objętości wydalanego moczu, • tolerancji podawanych doustnie płynów, • aktualnego żywienia dziecka, • występowania biegunki u innych domowników, uczęszczania do żłobka.",brzuch,low,miednica:4,brzuch,brzuch
b-iegunka,10.3,1,Badanie palpacyjne i osłuchowe jamy brzusznej.,,none,,,
b-iegunka,10.3,2,"Ocena oraz dokumentowanie liczby i charakteru oddawanych stolców, wymiotów.",brzuch,medium,,brzuch,brzuch
b-iegunka,10.3,3,"Uzupełnienie płynów i elektrolitów w organizmie - wczesny okres rehydratacji (próba nawadniania doustnego przez 3-4 godz.): • częste podawanie małych porcji chłodnych płynów: herbaty, przegotowanej wody, niegazowanej wody mineralnej, rozcieńczonego soku jabłkowego, musu jabłkowego, • doustne podawanie hipoosmolarnych płynów nawadniających (DPN), zawierających glukozę i elektrolity, • obserwacja tolerancji płynów podawanych doustnie, • w przypadku karmienia naturalnego kontynuacja karmienia w okresie rehydratacji, częste przystawianie dziecka do piersi [Guarino, 2014]. W przypadku niepowodzenia nawadniania doustnego podawanie płynów przez zgłębnik nosowo-żołądkowy i/lub nawadnianie drogą dożylną (bardzo rzadko nawadnianie doszpikowe) według indywidualnej karty zleceń: • 0,9% NaCl, następnie krystaloid zawierający dekstrozę (D-glukozę), • dodanie chlorku potasu do kolejnego składu wlewu nawadniającego po uzyskaniu diurezy, zgodnie ze zleceniem lekarskim [Guarino, 2014], • dokumentowanie ilości przyjętych płynów (podawanych doustnie i dożylnie).",brzuch,medium,miednica:4,brzuch,brzuch
b-iegunka,10.3,4,"Monitorowanie terapii wodno-elektrolitowej: • systematyczna ocena klinicznych objawów wskazujących na odwodnienie - elastyczność skóry, stan nawilżenia błon śluzowych, napływ kapilarny, napięcie ciemiączka, nawilżenie gałek ocznych, częstotliwość i charakter tętna i oddechu, wartość ciśnienia tętniczego (spadek ciśnienia tętniczego jest późnym objawem w przebiegu ciężkiego odwodnienia), ocieplenie dystalnych części kończyn, pragnienie (niechęć do picia może wskazywać na odwodnienie hipoosmiczne wzmożone pragnienie występuje w odwodnieniu hiperosmicznym), zachowanie dziecka, stan przytomności, • obserwacja diurezy (w razie wskazań ważenie pieluchomajtek), • pomiar masy ciała (co najmniej 3-krotny w ciągu doby), interpretacja wyniku pomiaru, dokumentowanie, • szczegółowy bilans podaży i strat płynów (prowadzenie karty bilansu płynów), • pobranie moczu do badania ogólnego na zlecenie - ocena ciężaru właściwego moczu oraz obecności ciał ketonowych w moczu, • przy nawadnianiu dożylnym obserwacja dziecka w kierunku przewodnienia organizmu (szybki przyrost masy ciała, obrzęki obwodowe, obrzęk płuc i mózgu, zastoinowa niewydolność krążenia, zwiększona diureza, rozcieńczony mocz o niskiej osmolalności/ciężarze, obniżenie osmolalności osocza, hiponatremia, • pobranie krwi do badań biochemicznych zgodnie z indywidualną kartą zleceń (równowaga kwasowo-zasadowa, stężenie elektrolitów, mocznika i kreatyniny, poziom glikemii, osmolalność krwi), interpretacja wyników badań.",cale-cialo,low,konczyny-gorne:8 miednica:4 skora:4,skora,cale-cialo
b-iegunka,10.3,5,"Wczesny okres realimentacji - powrót do karmienia sprzed biegunki: • kontynuacja karmienia pokarmem naturalnym przez cały okres trwania biegunki (zarówno w fazie rehydratacji, jak i leczenia podtrzymującego), • przy karmieniu sztucznym podawanie niemowlęciu mieszanki mlecznej zgodnie z jego wiekiem, • u dzieci starszych stosowanie diety odpowiedniej do wieku, • obserwacja tolerancji przyjmowanych pokarmów (częstość i charakter stolca i wymiotów).",brzuch,medium,,brzuch,brzuch
b-iegunka,10.3,6,"Ewentualne, na zlecenie, wdrożenie leczenia dietetycznego: • niemowlętom karmionym sztucznie z bardzo nasiloną biegunką podawanie preparatów ze zmniejszoną zawartością laktozy przez można rozważyć w przypadku istotnego nasilenia się biegunki po wprowadzeniu pokarmów mlecznych i równoczesnego potwierdzenia nietolerancji laktozy).",brzuch,medium,,brzuch,brzuch
b-iegunka,10.3,7,Na zlecenie - pobranie stolca do badania mikrobiologicznego.,brzuch,medium,,skora,brzuch
b-iegunka,10.3,8,"Udział w farmakoterapii według indywidualnej karty zleceń: • podaż doustna leku o działaniu adsorbcyjnym (smektynu dwuoktanościennego) lub hamującego wydzielanie (racekadotrylu), • podaż doustna probiotyku: Lactobacillus rhamnosus GG - LGG i Saccharomyces boulardii.",,none,,,
b-iegunka,10.3,9,"Pielęgnowanie skóry pośladków: • częsta kontrola pieluchomajtek i zmiana w razie wskazań, • po oddaniu stolca delikatne umycie skóry pośladków ciepłą wodą, pozostawienie skóry do wyschnięcia lub delikatne osuszenie, unikanie pocierania, • natłuszczenie skóry w okolicy odbytu i pośladków maścią ochronną, • wietrzenie skóry pośladków, • ocena stanu skóry pośladków i krocza w celu wczesnego wykrycia ewentualnych zmian.",miednica,high,brzuch:4 skora:4,miednica,miednica
b-iegunka,10.3,10,"Okazanie wsparcia dziecku i rodzicom poprzez: • atmosferę serdeczności i życzliwości, • stałą obecność matki przy dziecku, jej udział w opiece nad dzieckiem oraz w procesie podejmowania decyzji dotyczącej pielęgnowania dziecka, • uwzględnienie w pielęgnacji przyzwyczajeń dziecka, • zapewnienie dziecku warunków do snu i wypoczynku, • edukację rodziców na temat pielęgnacji dziecka w przebiegu biegunki, informowanie o podejmowanych interwencjach leczniczo-pielęgnacyjnych.",brzuch,medium,,brzuch,brzuch
nietrzymanie-stolca,10.4,0,"Przeprowadzenie wywiadu z rodzicami i dzieckiem: • ustalenie, co rodzice i dziecko rozumieją przez nietrzymanie stolca, • określenie czasu, kiedy dziecko świadomie zaczęło kontrolować oddawanie stolca, • analiza dotychczasowego sposobu defekacji (rytmu wypróżnień, konsystencji i wielkości stolca), • ustalenie, od kiedy i jak często występuje zaburzenie, jakie objawy i okoliczności towarzyszą nietrzymaniu stolca, • analiza sposobu odżywiania się dziecka, z oceną ilości codziennie wypijanych płynów, • zapytanie o ewentualne przyjmowanie leków przez dziecko (w tym ułatwiających wypróżnienie), • ocena nastawienia rodziców do faktu nietrzymania stolca przez dziecko, • zapytanie o ewentualne stosowanie kar w stosunku do dziecka w sytuacji nietrzymania stolca, • oceny stanu psychicznego dziecka (próba określenia przez rodziców czynników natury emocjonalnej predysponujących do nietrzymania stolca), • omówienie warunków dotyczących korzystania z toalety w przedszkolu, • poznanie emocji towarzyszących dziecku w czasie uczęszczania do przedszkola.",brzuch,medium,,brzuch,brzuch
nietrzymanie-stolca,10.4,1,"Obserwowanie dziecka pod względem: zachowania, emocji, sposobu komunikowania się z rodzicami, rówieśnikami.",,none,,,
nietrzymanie-stolca,10.4,2,"Przygotowanie dziecka do badań diagnostycznych, takich jak: • badanie fizykalne (badanie per rectum, ocena czucia w okolicy odbytu, ocena skóry wokół odbytu), • mamometria anorektalna, • USG transrektalne, • badania laboratoryjne (morfologia krwi, stężenie wapnia i TSH w surowicy), • konsultacja psychologiczna.",skora,medium,,skora,skora
nietrzymanie-stolca,10.4,3,"Prowadzenie dzienniczka wypróżnień, w którym codzienne należy zapisywać: • porę dnia, • liczbę i konsystencję oddawanych stolców oraz objawy towarzyszące (brudzenie kałem, dolegliwości przy oddawaniu stolca, zachowanie dziecka w czasie defekacji), spożywane przez dziecko pokarmy i wypijane płyny (rodzaj, ilość), • trudności w wypróżnieniu, • aktywność codzienną dziecka.",brzuch,medium,,brzuch,brzuch
nietrzymanie-stolca,10.4,4,"Trening czystościowy: • uczenie nawyku regularnego wypróżnienia - sadzanie dziecka na nocniku/sedesie 2 × dziennie (regularny, stały czas korzystania z toalety, zalecany rano przed pójściem do przedszkola i wieczorem - 10-20 min po posiłkach do ok. 30 min), • wygodna pozycja w czasie defekacji (siedząca z obiema stopami opartymi na podłożu), warunki intymności w czasie defekacji, • zapewnienie atmosfery życzliwości, spokoju, • okazywanie dziecku empati, zrozumienia, • nieocenianie dziecka, • wskazywanie jego mocnych stron.",brzuch,medium,,brzuch,brzuch
nietrzymanie-stolca,10.4,5,"Ćwiczenia mięśni zwieraczy odbytu. „Biofeedback - trening jelitowy” - ćwiczenia biologicznego sprzężenia zwrotnego, wypracowanie prawidłowej kontroli czynności w zależności od potrzeb biologicznych: poinstruowanie dziecka, jak należy wykonywać ćwiczenia (wymagana kooperacja z dzieckiem).",brzuch,high,,brzuch,brzuch
nietrzymanie-stolca,10.4,6,"Zapewnienie czystej bielizny osobistej do zmiany, warunków intymności w czasie wykonywania toalety.",,none,,,
nietrzymanie-stolca,10.4,7,"Okazanie dziecku wsparcia: • życzliwa, serdeczna atmosfera, uśmiech, • stosowanie systemu nagród za czystą bieliznę (np. uśmiechnięte słoneczka w dzienniczku), chwalenie dziecka, nieocenianie dziecka, • pozytywne nastawienie rodziców, jednakowy sposób postępowania obojga rodziców w stosunku do dziecka.",,none,,,
nietrzymanie-stolca,10.4,8,"Określenie potrzeb edukacyjnych rodziców. Opracowanie i wdrożenie programu szkolenia umiejętności rodzicielskich w zakresie wykorzystania metod wychowawczych wspierających dziecko (mających na celu identyfikację jego uczuć, wyjaśnienie przyczyn wahań nastroju, źródeł lęku, przyczyn zachowania agresywnego). Kształtowanie postaw rodzicielskich wspierających rozwój dziecka.",,none,,,
nietrzymanie-stolca,10.4,9,"Dążenie do osiągnięcia efektu terapeutycznego poprzez budowanie relacji z pacjentem oraz jego rodziną opartej na wzajemnym zaufaniu i szacunku; udzielanie wsparcia (informacyjnego, emocjonalnego lub instrumentalnego) odpowiadającego potrzebom dziecka i jego opiekunów.",,none,,,
nietrzymanie-stolca,10.4,10,"Wsparcie rodziców: • wyjaśnienie rodzicom problemu zdrowotnego ich dziecka, • umożliwienie rodzicom wyrażania swoich uczuć, emocji, • włączenie rodziców w planowanie opieki nad dzieckiem i osiąganie założonych celów, • uświadomienie rodzicom związku między trudną sytuacją dla dziecka a objawami chorobowymi, • uczenie rodziców prawidłowych zachowań w stosunku do dziecka, a w razie wskazań korekty dotychczasowej postawy rodzicielskiej, przekonanie o nieocenianiu dziecka, o potrzebie zachowania intymności dziecku, • chwalenie rodziców za zmianę zachowań w stosunku do dziecka.",,none,,,
nietrzymanie-stolca,10.4,11,Koncentracja na rodzinie; wdrożenie rodziców do współpracy w realizacji czynności opiekuńczych i leczniczych na każdym etapie hospitalizacji.,,none,,,
nietrzymanie-moczu,11.1,0,"Dobór środków pomocniczych zależnie od stopnia nietrzymania moczu, aktywności życiowej oraz pory dnia (jak: wkładki lub podpaski urologiczne, bielizna chłonna).",miednica,medium,,miednica,miednica
nietrzymanie-moczu,11.1,1,"Zapobieganie infekcji dróg moczowych przez: • unikanie zakładania cewnika na stałe, • utrzymanie dolnej części ciała w cieple (noszenie ciepłej, bawełnianej bielizny, ochrona nóg przed przemarznięciem), • picie 2-3 l płynów/dobę, • picie soku z żurawiny lub czarnej porzeczki, • unikanie napojów gazowanych, substancji słodzących oraz kofeiny, • stosowanie płynów myjąco-odkażających do higieny intymnej, zawierających pałeczki kwasu mlekowego, • dokładne osuszanie okolicy krocza, • stosowanie kremów barierowych, a w przypadku podrażnienia - kremów z tlenkiem cynku, • uczenie samoobserwacji objawów zakażenia dróg moczowych, • systematyczne badanie ogólne moczu, • w razie objawów zakażenia dróg moczowych pobranie moczu na badanie bakteriologiczne i podjęcie leczenia zgodnego z wynikiem antybiogramu.",miednica,high,skora:4,miednica,miednica
nietrzymanie-moczu,11.1,2,Edukacja pacjentki w zakresie sposobów redukcji masy ciała.,,none,,,
nietrzymanie-moczu,11.1,3,"Regulacja wypróżnień przez: • stosowanie diety bogatej w błonnik, • picie dużej ilości płynów (do 3 l na dobę), • prowadzenie aktywnego trybu życia.",brzuch,medium,,brzuch,brzuch
nietrzymanie-moczu,11.1,4,"Unikanie czynników nasilających nietrzymanie moczu: wysiłku fizycznego, kaszlu, kichania.",miednica,low,usta-drogi-oddechowe:3,miednica,miednica
nietrzymanie-moczu,11.1,5,"Trening pęcherza moczowego polegający na: • notowaniu godziny oddania moczu, ilości moczu oddanego i epizodów nietrzymania moczu w ciągu dnia (karta mikcyjna), • wypracowaniu takiej częstości opróżniania pęcherza, aby nie dopuścić do jego przepełniania, • stosowaniu zaleconych przez fizjoterapeutę ćwiczeń wzmacniających mięśnie dna miednicy - napinanie i rozluźnianie mięśni otaczających cewkę moczową.",miednica,high,,miednica,miednica
zatrzymanie-retencja-moczu,11.2,0,"Dobór średnicy cewnika Foleya Cewnikowanie z zachowaniem zasad aseptyki i antyseptyki. Dbałość o higienę krocza (stosowanie płynów myjąco-dezynfekujących z dodatkiem kwasu mlekowego). Nawodnienie pacjentki, zakwaszanie moczu przez uwzględnienie w diecie np. soku z czarnej porzeczki oraz podawanie preparatów żurawiną. Systematyczna wymiana cewnika co 14 dni.",miednica,high,,miednica,miednica
zatrzymanie-retencja-moczu,11.2,1,Wymiana worka na mocz co 5-7 dni. Unikanie niepotrzebnego rozłączania cewnika i worka na mocz.,miednica,high,,miednica,miednica
zatrzymanie-retencja-moczu,11.2,2,Stosowanie worka na mocz z zastawką przeciwzwrotną. Utrzymywanie worka na mocz poniżej poziomu pęcherza moczowego. Kontrola drożności cewnika po zmianie pozycji pacjentki. Okresowe zaciskanie cewnika na kilka godzin w ciągu dnia.,miednica,high,,miednica,miednica
zatrzymanie-retencja-moczu,11.2,3,"Jak najszybsze zastąpienie cewnikowania stałego okresowym, ok. 4-6 × dziennie.",miednica,high,,miednica,miednica
zatrzymanie-retencja-moczu,11.2,4,Pobranie moczu do badania ogólnego.,miednica,medium,,skora,miednica
zatrzymanie-retencja-moczu,11.2,5,"Obserwacja ukierunkowana na objawy infekcji dróg moczowych (podwyższona temperatura ciała, złe samopoczucie, ból, zmiana cech makroskopowych moczu).",miednica,low,cale-cialo:4,miednica,miednica
zatrzymanie-retencja-moczu,11.2,6,W razie wystąpienia infekcji pobranie moczu na badanie bakteriologiczne i podawanie antybiotyku zgodnie z wynikiem antybiogramu.,miednica,medium,,skora,miednica
zaburzenia-oddawania-moczu-u-dzieci,11.3,0,"Regulacja godzin przyjmowania płynów i oddawania moczu: • unikanie podawania napojów gazowanych, mleka, płynów zawierających duże ilości sodu, cukru oraz spożywania jarzyn i owoców w godzinach wieczornych (należy je spożywać w pierwszej połowie dnia), • ograniczenie podaży płynów na 2 godz. przed snem, • zalecenie 2-krotnej mikcji przed położeniem się dziecka do łóżka.",miednica,medium,,miednica,miednica
zaburzenia-oddawania-moczu-u-dzieci,11.3,1,"Udział w leczeniu farmakologicznym (leczenie skojarzone ze względu na wieloczynnikową przyczynę moczenia nocnego) - podawanie syntetycznego analogu wazopresyny (desmopresyny) 2 godz. przed snem. Okres leczenia desmopresyną (preparat Minirin lub Adiuretin), podobnie jak dawka ustalany jest indywidualnie. Zwykle stosuje się lek przez okres 3-4 miesięcy.",,none,,,
zaburzenia-oddawania-moczu-u-dzieci,11.3,2,Podawanie leków antycholinergicznych (oksybutyniny).,,none,,,
zaburzenia-oddawania-moczu-u-dzieci,11.3,3,"Stosowanie ćwiczeń ruchowych usprawniających mięśnie wokół pęcherza i cewki moczowej (np. naprzemienne zaciskanie i przywodzenie ud, przysiady) oraz ćwiczeń w celu zwiększenia pojemności pęcherza moczowego (wydłużanie przerw między oddawaniem moczu w ciągu dnia, przy zwiększonej podaży płynów).",miednica,high,,miednica,miednica
zaburzenia-oddawania-moczu-u-dzieci,11.3,4,Stosowanie alarmu wybudzeniowego.,,none,,,
zaburzenia-oddawania-moczu-u-dzieci,11.3,5,"Zmiana nieprawidłowych nawyków związanych z oddawaniem moczu i stolca: • regularne, pełne mikcje co 2-2,5 godz., • prawidłowa pozycja ciała w trakcie mikcji (nauczenie dziecka oddawania moczu ze zrelaksowaną przeponą moczowo-płciową), • zapobieganie zaparciom.",brzuch,low,miednica:4,brzuch,brzuch
zaburzenia-oddawania-moczu-u-dzieci,11.3,6,"Kontrola częstości moczenia nocnego, np. w postaci kalendarza nocy suchych i mokrych. Nagradzanie (pochwała, mały prezent) za noc suchą.",,none,,,
zaburzenia-oddawania-moczu-u-dzieci,11.3,7,"Wprowadzenie elementów biofeedbacku (biologicznego sprzężenia zwrotnego). W przypadkach zaburzeń czynności dolnych dróg moczowych niepoddających się terapii standardowej - stosowanie terapii niestandardowej, obejmującej np. biofeedback.",,none,,,
zaburzenia-oddawania-moczu-u-dzieci,11.3,8,"Zapewnienie dziecku wsparcia emocjonalnego i uświadomienie rodzicom negatywnych skutków lekceważenia problemu i braku tolerancji dla moczącego się dziecka (ukrywanie moczenia, zawstydzanie, poniżanie, krytykowanie, wyśmiewanie czy karcenie dziecka).",,none,,,
zaburzenia-oddawania-moczu-u-dzieci,11.3,9,Zalecenie rodzicom/opiekunom psychoterapii rodzinnej.,,none,,,
zaburzenia-oddawania-moczu-u-dzieci,11.3,10,"Zapewnienie wsparcia rodzicom dziecka moczącego się. Umożliwienie kontaktu z grupami wsparcia, poinformowanie ich o obozach, stowarzyszeniach (np. Stowarzyszeniu Pomocy Dzieciom z Moczeniem Nocnym „Dobra Nocka”).",,none,,,
deficyt-plynow,12.1,0,Zebranie wywiadu z pacjentką.,,none,,skora,
deficyt-plynow,12.1,1,"Ocena stanu nawodnienia organizmu (ocena napięcia i elastyczności skóry, wilgotności błon śluzowych, sprężystości gałek ocznych, stopnia wypełnienia żył szyjnych, ośrodkowego ciśnienia żylnego, tętna, ciśnienia tętniczego, ilości wydalanego moczu i stanu świadomości).",konczyny-gorne,high,,miednica,konczyny-gorne
deficyt-plynow,12.1,2,"Pobranie krwi do badań laboratoryjnych na zlecenie lekarza (ocena poziomu elektrolitów w surowicy krwi, kreatyniny, mocznika, białka, hematokrytu, hemoglobiny, MCV).",konczyny-gorne,high,,konczyny-gorne,konczyny-gorne
deficyt-plynow,12.1,3,Codzienny pomiar masy ciała.,,none,,,
deficyt-plynow,12.1,4,Podanie płynów i.v. zgodnie ze zleceniem lekarza.,,none,,,
nadmiar-plynow,12.2,0,Ocena stanu podmiotowego i przedmiotowego pacjentki. Zwrócenie uwagi na objawy podmiotowe niewydolności serca (typowe i mniej typowe) oraz na objawy przedmiotowe (bardziej lub mniej swoiste).,,none,,,
nadmiar-plynow,12.2,1,Wykonanie badania EKG.,klatka-piersiowa,high,,klatka-piersiowa,klatka-piersiowa
nadmiar-plynow,12.2,2,"Pobranie krwi do badań laboratoryjnych na zlecenie lekarza: morfologia, stężenie sodu, potasu, mocznika, kreatyniny z oceną filtracji kłębuszkowej (eGFR) bilirubiny, transaminaz, GGTP, glukozy z hemoglobiną glikowaną, lipidów, hormonu tyreotropowego, ferrytyny, TIBC, peptydów natriuretycznych.",konczyny-gorne,high,,konczyny-gorne,konczyny-gorne
nadmiar-plynow,12.2,3,Przygotowanie pacjentki do badania echokardiograficznego i RTG płuc.,,none,,,
nadmiar-plynow,12.2,4,Podanie na zlecenie lekarza leków (z grupy ACEI; β-adrenolitycznych; leków moczopędnych).,,none,,,
nadmiar-plynow,12.2,5,Monitorowanie bilansu płynów; codzienny pomiar masy ciała.,,none,,,
nadmiar-plynow,12.2,6,"Uświadomienie pacjentce konieczności monitorowania objawów, dbania o siebie i stosowania się do zaleconej przez lekarza terapii.",,none,,,
nadmiar-plynow,12.2,7,"Przedstawienie pacjentce niezbędnych zaleceń dietetycznych, w tym poinformowanie o konieczności zdrowego odżywiania, unikania nadmiernego przyjmowania płynów, unikania nadmiernego spożycia soli (6 g/dzień), zachowania prawidłowej masy ciała i unikania nadmiernego spożycia alkoholu.",,none,,,
zaburzenia-elektrolitowe,12.3,0,Zebranie wywiadu z pacjentką na temat objawów klinicznych hipokaliemii i jej potencjalnych przyczyn.,,none,,skora,
zaburzenia-elektrolitowe,12.3,1,Pobranie krwi do badań laboratoryjnych na zlecenie lekarza (ocena poziomu elektrolitów w surowicy krwi).,konczyny-gorne,high,,konczyny-gorne,konczyny-gorne
zaburzenia-elektrolitowe,12.3,2,Wykonanie badania elektrokardiograficznego; ocena częstości rytmu i pracy serca.,,none,,,
zaburzenia-elektrolitowe,12.3,3,"Uświadomienie pacjentce konieczności zgłaszania wszelkich niepokojących objawów, które mogą świadczyć o działaniach niepożądanych stosowanego leczenia. Przed planowaniem wypisu z oddziału edukowanie pacjentki w zakresie działania leków moczopędnych, dobierania dawkowania leków moczopędnych zgodnie z potrzebami (z uwzględnieniem objawów i masy ciała). Poinformowanie pacjentki o konieczności unikania NLPZ dostępnych bez recepty.",,none,,,
hipotermia,13.1,0,Ocena stanu chorego przed zabiegiem chirurgicznym.,,none,,,
hipotermia,13.1,1,Ogrzewanie powierzchni ciała przed rozpoczęciem znieczulenia (okrycie pacjenta w trakcie transportu na salę operacyjną).,,none,,,
hipotermia,13.1,2,"Utrzymanie temperatury na sali operacyjnej w zakresie 21-240C. Ogrzanie gazów anestetycznych. Okrycie nieoperowanych części ciała pacjenta, stosowanie mat grzewczych, Podgrzanie przetaczanych płynów stosownie do stanu pacjenta Śródoperacyjna kontrola temperatury ciała.",cale-cialo,medium,,cale-cialo,cale-cialo
hipotermia,13.1,3,Zapewnienie pacjentowi dodatkowego okrycia we wczesnym okresie po zabiegu operacyjnym. Zapewnienie temperatury w sali ok. 250C i wilgotności 60% (odpowiednie ustawienie parametrów klimatyzatora).,,none,,,
hipotermia,13.1,4,"Jeśli temperatura ciała chorego obniży się do 360C - zastosowanie poduszek, koców elektrycznych, utrzymanie w cieple dystalnych części ciała (założenie bawełnianych skarpet i rękawiczek).",cale-cialo,medium,,cale-cialo,cale-cialo
hipotermia,13.1,5,"Pomiar i dokumentowanie temperatury ciała co 30 min przez pierwsze 2 godz., a także tętna, ciśnienia tętniczego krwi, częstości oddechów.",konczyny-gorne,high,,cale-cialo,konczyny-gorne
hipotermia,13.1,6,Obserwacja zabarwienia i ucieplenia skóry oraz zachowania pacjenta.,skora,medium,,skora,skora
hipertermia,13.2,0,Zebranie wywiadu od chorego lub świadków zdarzenia.,,none,,skora,
hipertermia,13.2,1,Przeniesienie chorego do zacienionego pomieszczenia o temperaturze 170C (odpowiednie ustawienie klimatyzatora). Ułożenie pacjenta w pozycji leżącej (w przypadku zaburzeń przytomności w pozycji bezpiecznej). Zdjęcie odzieży wierzchniej.,,none,,,
hipertermia,13.2,2,"Zastosowanie chłodnych i wilgotnych okładów, umieszczenie pod pachami i w pachwinach worków z lodem. Pomiar i dokumentowanie temperatury ciała co 10 min.",cale-cialo,medium,,cale-cialo,cale-cialo
hipertermia,13.2,3,Założenie dożylnego dostępu naczyniowego.,,none,,,
hipertermia,13.2,4,"Nawadnianie chorego dożylnie płynami o temperaturze pokojowej, a następnie doustnie - w miarę poprawy stanu pacjenta.",,none,,,
hipertermia,13.2,5,Wsparcie informacyjne pacjenta odnośnie do zasad bezpieczeństwa podczas upałów i wycieczek górskich.,,none,,,
hipertermia,13.2,6,W przypadku braku poprawy: zanurzenie pacjenta w chłodnej wodzie lub zastosowanie aparatu do ogrzewania - ochładzania pacjenta (tryb chłodzenia).,,none,,,
hipertermia,13.2,7,"Bieżący pomiar i dokumentowanie parametrów życiowych, obserwacja stanu przytomności i świadomości pacjenta.",,none,,,
odlezyna-ryzyko-wystapienia,14.1,0,"Ocena stanu pacjenta zagrożonego wystąpieniem odleżyn (ocena ryzyka odleżyn według przyjętej skali oraz przeprowadzenie badania fizykalnego, w tym ocena skóry i tkanek otaczających).",plecy,high,,plecy,plecy
odlezyna-ryzyko-wystapienia,14.1,1,"Odciążanie miejsc narażonych na ucisk poprzez wykorzystanie koncepcji powierzchni podporowych, tj. materacy zmiennociśnieniowych, nakładek, systemu łóżek i podkładów żelowych oraz przez regularną zmianę pozycji ciała.",plecy,medium,,plecy,plecy
odlezyna-ryzyko-wystapienia,14.1,2,Minimalizacja inkontynencji i utrzymanie/ wzmacnianie integralności skóry.,skora,medium,,skora,skora
odlezyna-ryzyko-wystapienia,14.1,3,Zastosowanie opatrunków profilaktycznych na miejsca narażone na wystąpienie odleżyn.,plecy,high,,plecy,plecy
odlezyna-ryzyko-wystapienia,14.1,4,Zapewnienie pacjentowi odpowiedniego do potrzeb odżywienia i nawadniania.,,none,,,
odlezyna-ryzyko-wystapienia,14.1,5,Wczesna mobilizacja i usprawnianie chorego.,,none,,,
odlezyna-ryzyko-wystapienia,14.1,6,Prowadzenie indywidualnej dokumentacji chorego.,,none,,,
zaburzenie-integralnosci-tkanek-odlezyna,14.2,0,"Ocena miejscowa rany odleżynowej według przyjętej klasyfikacji klinicznej, np. Torrance’a, NPUAP/NPIAP (Natonal Pressure Ulcer Advisory Panel/Natonal Pressure Injury Advisory Panel), Campbella, Enisa i Sarmiento, Oxford Textbook of Palliatve Medicine oraz „Kolorowy” system klasyfikacji ran przewlekłych).",plecy,high,,plecy,plecy
zaburzenie-integralnosci-tkanek-odlezyna,14.2,1,Postępowanie miejscowe z raną odleżynową według strategii TIME (T - opracowanie tkanek; I - kontrolę infekcji i zapalenia; M - utrzymanie równowagi wilgotności; E - nieprawidłowe brzegi i zaburzenia naskórkowania).,plecy,high,,klatka-piersiowa,plecy
zaburzenie-integralnosci-tkanek-odlezyna,14.2,2,Kontynuowanie działań profilaktycznych opisanych w rozdziale 14.1.,,none,,,
zaburzenia-integralnosci-skory-zmiany-na-skorze,14.3,0,Nawiązanie kontaktu z pacjentką.,,none,,,
zaburzenia-integralnosci-skory-zmiany-na-skorze,14.3,1,Wyjaśnienie przyczyn występowania zmiany oraz planowanego postępowania.,,none,,,
zaburzenia-integralnosci-skory-zmiany-na-skorze,14.3,2,Ocena stanu skóry w miejscu występującej zmiany na prawym przedramieniu. Usunięcie dostępu naczyniowego i udokumentowanie w karcie obserwacji dostępu obwodowego.,konczyny-gorne,high,,konczyny-gorne,konczyny-gorne
zaburzenia-integralnosci-skory-zmiany-na-skorze,14.3,3,Odkażenie okolic usuniętego wkłucia. Założenie jałowego opatrunku w miejscu usuniętego dostępu naczyniowego. Toaleta przedramienia prawego przed założeniem okładu.,konczyny-gorne,high,,konczyny-gorne,konczyny-gorne
zaburzenia-integralnosci-skory-zmiany-na-skorze,14.3,4,Założenie okładu rozgrzewającego (2 × na dobę).,,none,,,
zaburzenia-integralnosci-skory-zmiany-na-skorze,14.3,5,Ocena stanu skóry w miejscu występujących zmian (2 × na dobę). Toaleta przedramienia prawego przed ponownym założeniem okładu.,konczyny-gorne,medium,skora:4,konczyny-gorne,konczyny-gorne
zaburzenia-integralnosci-skory-zmiany-na-skorze,14.3,6,Unikanie nakłucia naczynia krwionośnego w okolicach zmiany.,,none,,,
zaburzenia-integralnosci-skory-zmiany-na-skorze,14.3,7,"Edukacja pacjentki na temat: • ograniczenia ruchu przedramieniem prawym, • konieczności unikania zamoczenia, np. podczas kąpieli, założonego okładu i wymiany okładu po jego zamoczeniu, • postępów pielęgnowania miejsca ze zmianą.",konczyny-gorne,high,skora:3,konczyny-gorne,konczyny-gorne
zaburzenia-integralnosci-skory-zmiany-na-skorze,14.3,8,Kształtowanie postawy odpowiedzialności za swoje postępowanie i realizowanie zaleceń.,,none,,,
zaburzenia-integralnosci-blony-sluzowej-zmiany-na-sluzowkach,14.4,0,Nawiązanie kontaktu z pacjentem.,,none,,,
zaburzenia-integralnosci-blony-sluzowej-zmiany-na-sluzowkach,14.4,1,"Przeprowadzenie wywiadu dotyczącego krwawienia, schematu wypróżnień, nawyków dietetycznych, higienicznych, innych dolegliwości, przyjmowanych leków, w tym leków przeczyszczających, przyjmowanej ilości płynów i pokarmów zawierających błonnik. Wyjaśnienie przyczyn występowania dolegliwości i przedstawienie planowanego postępowania.",brzuch,medium,,brzuch,brzuch
zaburzenia-integralnosci-blony-sluzowej-zmiany-na-sluzowkach,14.4,2,"Zalecenia higieniczne - po oddaniu stolca podmycie odbytu letnią wodą, osuszenie papierem toaletowym - niewycieranie, przy śladach krwawienia założenie jałowego opatrunku w szparze pośladkowej. Stosowanie bawełnianej bielizny (100%).",skora,low,brzuch:4,skora,skora
zaburzenia-integralnosci-blony-sluzowej-zmiany-na-sluzowkach,14.4,3,"Edukacja pacjenta na temat: • stosowania diety - niskotłuszczowej, bogatej w błonnik (duże ilości błonnika znajdują się w ziarnach dodawanych do pieczywa, otrębach pszennych, płatkach kukurydzianych, ryżu niełuskanym, warzywach, zwłaszcza w marchwi, brokułach, groszku, fasoli, soczewicy, orzeszkach ziemnych, w owocach, zwłaszcza jabłkach, rodzynkach, gruszkach, suszonych śliwkach), spożywania ok. 25-30 g błonnika na dobę; konieczności rezygnacji z białego pieczywa, słodyczy, ciast, czekolady, coli, kakao, • unikania alkoholu i ostrych przypraw, • przyjmowania ok. 2-2,5 l płynów na dobę wody mineralnej, herbaty owocowej, ziołowej, • prawidłowej techniki defekacji: ustalenie stałej pory wypróżnienia, przyjęcie prawidłowej postawy (pochylenie się do przodu z uniesieniem kolan powyżej bioder i oparciem stóp na wzniesieniu), unikanie nadmiernego naprężania się w trakcie defekacji, stosowanie technik relaksacyjnych oraz przebywanie w toalecie maksymalnie przez 5-10 min, unikanie przesiadywania na sedesie i czytania książki, unikanie wstrzymywania naturalnie występującego uczucia parcia na stolec, • zwiększenia aktywności fizycznej (np. pływanie, marsz, gimnastyka), • suplementacji szczepem bakterii probiotycznych Lactobacillus rhamnosus PL1 (wywołuje znaczne zmiany ilościowe i jakościowe w składzie mikrobioty jelitowej).",brzuch,high,,brzuch,brzuch
zaburzenia-integralnosci-blony-sluzowej-zmiany-na-sluzowkach,14.4,4,"W przypadku ostrych dolegliwości: - unikanie jazdy na rowerze, motorze, koniu, długotrwałego siedzenia, stania w jednej pozycji.",,none,,,
zaburzenia-integralnosci-blony-sluzowej-zmiany-na-sluzowkach,14.4,5,Udział w farmakoterapii zgodnie ze zleceniem lekarza (stosowanie leków w postaci kremów i czopków o działaniu miejscowym).,skora,medium,,skora,skora
zaburzenia-integralnosci-blony-sluzowej-zmiany-na-sluzowkach,14.4,6,"Stosowanie kąpieli (nasiadówek) w wodzie o temperaturze 400C, z dodatkiem środków roślinnych, np. kory dębu, trwających nie dłużej niż 10 min.",skora,medium,,skora,skora
zaburzenia-integralnosci-blony-sluzowej-zmiany-na-sluzowkach,14.4,7,Stosowanie doustne związków flawonoidowych jako uzupełnienie leczenia miejscowego.,,none,,,
zaburzenia-integralnosci-blony-sluzowej-zmiany-na-sluzowkach,14.4,8,Kształtowanie u chorego postawy odpowiedzialności za swoje postępowanie i realizowanie zaleceń.,,none,,,
swiad-skory-i-blon-sluzowych,14.5,0,Nawiązanie kontaktu z pacjentem.,,none,,,
swiad-skory-i-blon-sluzowych,14.5,1,Wyjaśnienie przyczyn występowania świądu oraz planowanego postępowania ze świądem.,,none,,,
swiad-skory-i-blon-sluzowych,14.5,2,"Edukacja pacjenta dotycząca: • zachowania czystości rąk i krótko obciętych paznokci, zakładania na dłonie miękkich, bawełnianych rękawiczek, uciskania skóry palcem lub grzbietem paznokcia, jeżeli uczucie świądu jest nie do opanowania, • noszenia przez pacjenta luźnej, miękkiej, przewiewnej bielizny, • utrzymania higieny powłok skórnych, wilgotności i pH skóry przez stosowanie środków myjących bez barwnika, bezzapachowych o pH 5,5, oczyszczania skóry oliwką, olejem parafinowym lub stosowania do kąpieli ochronnych olejków: sosnowego, brzozowego, jałowcowego lub bukowego, • przygotowania kojących kąpieli z zastosowaniem tradycyjnych środków, takich jak: krochmal, otręby owsiane, pszenne (filiżanka mąki ziemniaczanej lub 2 filiżanki otrębów owsianych, pszennych na 2 l wrzącej wody, a następnie po przecedzeniu połączenie roztworów z wodą w wannie, kąpiel siarczanowa lub siarczanowo-magnezowa, • natłuszczania, nawilżania preparatami zawierającymi 3-10% stężenia mocznika z dodatkiem działających przeciwświądowo polidokanolu, enoksonolu i ochładzania skóry, np. balsamem z mentolem (0,125-2%), fenolem (0,125-2%), kamforą (0,1-3%), • osuszania skóry po kąpieli poprzez delikatne przykładanie ręcznika i uciskanie nim skóry bez pocierania, • przygotowania wygodnego posłania na noc, z miękką bielizną pościelową i lekką kołdrą, • zapewnienia temperatury powietrza 20-210C, wilgotności względnej 30-40%, wzmożonego ruchu powietrza, np. przez wentylatory.",skora,low,konczyny-gorne:6,skora,skora
swiad-skory-i-blon-sluzowych,14.5,3,"Organizowanie różnych form aktywności umysłowej, ruchowej.",,none,,,
swiad-skory-i-blon-sluzowych,14.5,4,"Udział w leczeniu dietetycznym: • eliminowanie alkoholu, przypraw korzennych, ograniczenie spożywania soli, • dieta bogata w jarzyny oraz owoce - gotowane, ewentualnie surowe, jeżeli pozwala na to dietetyk, • przyjmowanie 1,5-2 l płynów na dobę.",,none,,,
swiad-skory-i-blon-sluzowych,14.5,5,"Udział w farmakoterapii zgodnie ze zleceniem lekarza po ustaleniu przyczyny świądu: • ryfampicyna 300-600 mg/dobę p.o., • naltrekson 50 mg × dziennie p.o., • cholestyramina 4-16 mg/dobę, • kwas ursodeoksycholowy 13-15 mg/kg m.c./dobę, • przetaczanie płynów izotonicznych drogą kroplowego wlewu dożylnego w celu wypłukania kwasów żółciowych, • stosowanie środków uspokajających.",konczyny-gorne,high,,,konczyny-gorne
swiad-skory-i-blon-sluzowych,14.5,6,"Udział w postępowaniu niefarmakologicznym w świądzie pochodzenia cholestatycznego: • fototerapia UVB, • plazmafereza, • protezowanie dróg żółciowych, • drenaż nosowo-żółciowy, • przezskórna elektryczna stymulacja nerwów (TENS).",,none,,,
swiad-skory-i-blon-sluzowych,14.5,7,Kształtowanie postawy odpowiedzialności za swoje postępowanie i realizowanie zaleceń.,,none,,,
suchosc-jamy-ustnej-kserostomia,14.6,0,"Ocena stanu jamy ustnej oraz charakteru, natężenia doznań i zmian patologicznych.",usta-drogi-oddechowe,high,,usta-drogi-oddechowe,usta-drogi-oddechowe
suchosc-jamy-ustnej-kserostomia,14.6,1,"Pielęgnacja jamy ustnej: • codzienna higiena jamy ustnej, zwłaszcza po posiłkach, • używanie: – miękkich szczoteczek, do oczyszczania języka i mycia zębów, – past do zębów zawierających fluor, – past i płynów do płukania jamy ustnej zawierających łagodne środki przeciwbakteryjne, np. chlorheksydynę, • odkażanie protezy w nocy (z zastosowaniem 3% roztworu wody utlenionej).",usta-drogi-oddechowe,high,skora:3,usta-drogi-oddechowe,usta-drogi-oddechowe
suchosc-jamy-ustnej-kserostomia,14.6,2,"Zwilżanie i natłuszczanie warg (maści, pomadki, wazelina).",skora,medium,,skora,skora
suchosc-jamy-ustnej-kserostomia,14.6,3,"Edukacja pacjentki dotycząca: • unikania suchych, słonych, ostrych i gorących potraw, • eliminacji używek, zwłaszcza tytoniu, alkoholu i kawy, • zwiększenia regularnego przyjmowania płynów, zarówno w trakcie posiłku, jak i w ciągu dnia (zaleca się wypijanie 2-2,5 l na dobę), • częstszej kontroli stomatologicznej (co 3-6 miesięcy), • stosowania nawilżaczy powietrza, zwłaszcza w trakcie snu, oraz unikania suchych i klimatyzowanych pomieszczeń.",,none,,,
suchosc-jamy-ustnej-kserostomia,14.6,4,"Stymulacja smakowa i mechaniczna gruczołów ślinowych: • stosowanie do żucia gum z ksylitolem, • ssanie cukierków o intensywnym smaku, podawanie kostek lodu do ssania, mrożonych plasterków ananasa lub ogórka, • jedzenie kwaśnych owoców (np. jabłek), • ssanie pastylek zawierających kwas cytrynowy lub doraźne stosowanie środków syntetycznych (np. 3-5% roztwór kwasu jabłkowego do płukania jamy ustnej).",usta-drogi-oddechowe,high,,usta-drogi-oddechowe,usta-drogi-oddechowe
suchosc-jamy-ustnej-kserostomia,14.6,5,Podanie na zlecenie lekarskie leków parasympatykomimetycznych (chlorowodorek pilokarpiny).,,none,,,
suchosc-jamy-ustnej-kserostomia,14.6,6,"Stosowanie preparatów substytucyjnych (karboksymetyloceluloza lub mucyna w postaci sprayu, tabletek do ssania oraz płynu do płukania jamy ustnej).",usta-drogi-oddechowe,high,,usta-drogi-oddechowe,usta-drogi-oddechowe
suchosc-jamy-ustnej-kserostomia,14.6,7,Ocena efektywności podjętych interwencji.,,none,,,
zaburzenia-sluchu-u-dzieci,15.1,0,"Dostosowanie porozumiewania się z dzieckiem do sposobu, jaki wypracowali opiekunowie, i ułatwienie mu przekazu informacji o swoim stanie zdrowia: • umożliwienie pobytu na oddziale osoby znaczącej dla dziecka, która jednocześnie może być tłumaczem, • zapewnienie w miarę możliwości tłumacza języka migowego, w przypadku gdy jest to jedyny sposób komunikacji z dzieckiem, • zachęcanie do posługiwania się aparatem słuchowym, jeżeli dziecko z niego korzysta, i zadbanie, aby go nosiło, • nawiązanie kontaktu pozawerbalnego, np. wzrokowego, stosowanie mimiki, gestykulacji, jeżeli dziecko czyta z ruchu warg - mówienie powoli i wyraźnie, • utrzymywanie stałego kontaktu z dzieckiem i jego opiekunami, • ustalenie z dzieckiem (jeśli to możliwe) sposobów - kodów przekazywania informacji o swoim stanie zdrowia czy dolegliwościach, • wnikliwa ocena dziecka, ukierunkowana na aktualne zmiany w stanie zdrowia i sposób sygnalizowania tych zmian, • przekazywanie wszystkim członkom zespołu terapeutycznego informacji o sposobie porozumiewania się z dzieckiem, • dostarczenie przyborów, przedmiotów, narzędzi, które pomogą dziecku w komunikowaniu się (ołówka, kredki, papieru itp.). Zmniejszenie poziomu negatywnych emocji (lęku, rozdrażnienia, strachu): • zapewnienie stałej obecności bliskich lub osób znaczących, • zapewnienie atmosfery serdeczności i życzliwości, • uwzględnienie przyzwyczajeń, • zapoznanie z oddziałem, personelem, innymi pacjentami, • zwrócenie uwagi innych dzieci na problemy i potrzeby dziecka z zaburzeniem słuchu, • uwrażliwienie pielęgniarki na nastroje i emocje dziecka, • wyjaśnienie i przygotowanie do badań diagnostycznych i leczenia, • upewnienie się, czy dziecko wszystko zrozumiało, • towarzyszenie dziecku na kolejnych etapach leczenia.",,none,,,
zaburzenia-sluchu-u-dzieci,15.1,1,"Zmniejszenie poczucia osamotnienia, ułatwienie nawiązywania kontaktów: • obserwacja dziecka pod kątem wystąpienia zaburzeń emocjonalnych (obniżenia nastroju, drażliwości, wycofania z kontaktów rówieśniczych), • zdiagnozowanie przyczyny zachowania (czy jest to efekt choroby i dolegliwości z nią związanych, czy stanu emocjonalnego niezwiązanego z istotą choroby), • utrzymywanie z dzieckiem stałego kontaktu, • aktywizowanie i zachęcanie dziecka do uczestnictwa w zajęciach na oddziale, • zorganizowanie wolnego czasu i zapewnienie możliwości wypoczynku, • wyjaśnienie współpacjentom przyczyn trudności komunikacyjnych dziecka i wskazanie sposobów porozumiewania się z nim, • zachęcanie i umożliwienie dziecku kontaktu z innymi pacjentami.",,none,,,
zaburzenia-sluchu-u-dzieci,15.1,2,Zapewnienie bezpieczeństwa fizycznego: • obserwacja zachowań dziecka ukierunkowana na sytuacje zagrażające jego zdrowiu i życiu (zapobieganie wypadkom).,,none,,,
zaburzenia-sluchu-u-dzieci,15.1,3,Jeśli dziecko nie uczestniczy w programach rehabilitacyjno-rewalidacyjnych - włączenie dziecka do procesu rewalidacyjnego.,,none,,,
uszkodzenie-rogowki-oka-ryzyko-wystapienia,15.2,0,Obserwacja pacjenta w kierunku progresji objawów obwodowego porażenia nerwu twarzowego.,glowa,medium,,glowa,glowa
uszkodzenie-rogowki-oka-ryzyko-wystapienia,15.2,1,Ocena nasilenia niedomykalności szpary powiekowej.,,none,,,
uszkodzenie-rogowki-oka-ryzyko-wystapienia,15.2,2,Poinformowanie pacjenta o możliwościach ochrony oka przed uszkodzeniem i zmniejszenia dyskomfortu.,,none,,,
uszkodzenie-rogowki-oka-ryzyko-wystapienia,15.2,3,"Nawilżenie rogówki oka: • przemycie oka jałową wodą (aqua pro injectone), • podanie do oka kropli o właściwościach nawilżających, bez konserwantów, np. z kwasem hialuronowym (zgodnie ze zleceniem lekarskim).",,none,,skora,
uszkodzenie-rogowki-oka-ryzyko-wystapienia,15.2,4,"Podanie do oka żelu o właściwościach regenerujących mikrouszkodzenia rogówki, zawierającego dekspantenol (zgodnie ze zleceniem lekarskim).",,none,,,
uszkodzenie-rogowki-oka-ryzyko-wystapienia,15.2,5,Założenie opatrunku osłonowego typu komora wilgotna.,skora,high,,skora,skora
uszkodzenie-rogowki-oka-ryzyko-wystapienia,15.2,6,"Edukacja pacjenta w zakresie samoopieki (unikanie dotykania oka, zachowanie ostrożności podczas kąpieli i/lub mycia głowy, konieczność zgłaszania niepokojących objawów, np. bólu oka).",glowa,low,skora:3,glowa,glowa
uszkodzenie-rogowki-oka-ryzyko-wystapienia,15.2,7,Bieżąca obserwacja nasilenia niedomykalności szpary powiekowej i występowania dodatkowych objawów ocznych (np. pojawienia się wydzieliny śluzowo-ropnej).,,none,,,
zaburzenia-poznawcze,16.1,0,Stała obecność i prowadzenie ukierunkowanej obserwacji.,,none,,,
zaburzenia-poznawcze,16.1,1,Przejawianie empati i akceptacji oraz okazywanie życzliwości.,,none,,,
zaburzenia-poznawcze,16.1,2,"Stosowanie technik komunikowania terapeutycznego, takich jak: aktywne słuchanie, informowanie, wyjaśnianie, klaryfikacja, odzwierciedlenie, eksploracja, proponowanie współpracy, planowanie oraz komunikowanie się w sposób niewerbalny.",,none,,,
zaburzenia-poznawcze,16.1,3,Ocena nasilenia zaburzeń funkcji poznawczych.,,none,,,
zaburzenia-poznawcze,16.1,4,Rozpoznanie stopnia deficytu oraz charakteru trudności w zakresie zaspokajania potrzeb biologicznych.,,none,,,
zaburzenia-poznawcze,16.1,5,"Pomaganie w zaspokajaniu potrzeb biologicznych: w utrzymaniu higieny ciała, ubieraniu się adekwatnym do pory dnia, temperatury otoczenia i aktywności, przyjmowaniu posiłków, wydalaniu, aktywności fizycznej lub zadbanie o zaspokojenie potrzeb.",skora,medium,,skora,skora
zaburzenia-poznawcze,16.1,6,"Prowadzenie podstawowych treningów w zależności od rodzaju deficytu, jak treningi dotyczące samoobsługi - w zakresie wyglądu zewnętrznego i higieny osobistej, umiejętności praktycznych; treningi umiejętności społecznych - podstawowych umiejętności prowadzenia rozmowy; treningi poznawcze - funkcji pamięciowych.",skora,medium,,skora,skora
zaburzenia-poznawcze,16.1,7,Udział w farmakoterapii.,,none,,,
zaburzenia-poznawcze,16.1,8,Edukowanie nieformalnych opiekunów.,,none,,,
zaburzenia-swiadomosci-majaczenie,16.2,0,Ocena stanu chorego za pomocą narzędzia do wykrywania majaczenia na oddziale intensywnej terapii (CAM - ICU).,,none,,,
zaburzenia-swiadomosci-majaczenie,16.2,1,"Umożliwienie choremu orientacji allopsychicznej (jak: czas, miejsce, dzień tygodnia, pora roku) poprzez powieszenie zegara na ścianie, kalendarza, zapewnienie okularów, aparatu słuchowego.",uszy,medium,,uszy,uszy
zaburzenia-swiadomosci-majaczenie,16.2,2,"Wczesne uruchamianie chorego (fizjoterapia przyłóżkowa, codzienne sadzanie chorego w fotelu rehabilitacyjnym).",,none,,,
zaburzenia-swiadomosci-majaczenie,16.2,3,"Umożliwienie choremu kontaktu z osobami najbliższymi (rodziną, opiekunami).",,none,,,
zaburzenia-swiadomosci-majaczenie,16.2,4,"Zapewnienie dobrej jakości snu (unikanie nadmiernego oświetlenia i hałasu w porze snu, kumulowanie czynności pielęgniarskich, zmniejszenie nasilenia bodźców w nocy).",,none,,,
zaburzenia-swiadomosci-majaczenie,16.2,5,"Zapewnienie choremu bezpieczeństwa podczas pojawienia się epizodów pobudzenia, agresji, niepokoju poprzez słowne uspokojenie, usunięcie dostępów naczyniowych, cewników, które są zbędne na tym etapie leczenia, zaangażowanie rodziny oraz farmakoterapię.",miednica,high,,miednica,miednica
zaburzenia-swiadomosci-majaczenie,16.2,6,"Ocena postępowania z chorym pod kątem wdrożenia pakietu ABCDEF - Assess, Prevent, and Manage Pain (A), Both Spontaneous Awakening Trials (SAT) and Spontaneous Breathing Trials (SBT) (B), Choice of analgesia and sedaton (C), Delirium: Assess, Prevent, and Manage (D), Early mobility and Exercise (E), and Family engagement and empowerment (F). Koordynacja przebudzenia i oddychania w celu odstawienia sedacji i wentylacji mechanicznej, wybór leków zmniejszających ryzyko majaczenia, leczenie majaczenia, wczesne uruchomienie i ćwiczenia oraz zaangażowanie rodziny.",,none,,,
zaburzenia-komunikowania-werbalnego,17.1,0,"Ocena OUN - stanu przytomności, funkcjonowania narządów zmysłów, procesów poznawczych, rozumienia informacji, zdolności ekspresji za pomocą mimiki twarzy, ocena siły mięśni, lateralizacji kończyn górnych (kończyna dominująca).",konczyny-gorne,medium,glowa:3,konczyny-gorne,konczyny-gorne
zaburzenia-komunikowania-werbalnego,17.1,1,"Opracowanie wspólnie z pacjentem indywidualnego sposobu porozumiewania się (zadawanie prostych pytań i potwierdzanie lub zaprzeczanie przez pacjenta przez uściśnięcie ręki, mruganie powiekami itd., próby pisania na kartce, układania słów z liter alfabetu, stosowania piktogramów, w miarę poprawy stanu chorego - rozważenie możliwości komunikowania się przy użyciu laptopa). Na zlecenie lekarza - zastosowanie rurki fenestracyjnej (przy dobrej tolerancji ze strony chorego).",,none,,,
zaburzenia-komunikowania-werbalnego,17.1,2,"Działania zmierzające do ułatwienia orientacji co do czasu i miejsca oraz zminimalizowania deprywacji sensorycznej (np. umieszczenie zegara w zasięgu wzroku pacjenta, informowanie o dacie, godzinie, miejscu, osobach opiekujących się chorym, bieżących wiadomościach, jeśli stan pacjenta na to pozwala - czytanie gazet lub zachęcanie do czytania, słuchania muzyki).",,none,,,
zaburzenia-komunikowania-werbalnego,17.1,3,Umożliwienie odwiedzin przez rodzinę.,,none,,,
zaburzenia-komunikowania-werbalnego,17.1,4,"Niwelowanie nadmiaru niepożądanych bodźców (hałasu, intensywnego oświetlenia, częstego wykonywania zabiegów diagnostycznych, leczniczych oraz czynności pielęgnacyjnych): • komasowanie zabiegów pielęgnacyjnych, • zachowanie przerwy nocnej - 5-6 godz. (jeśli to możliwe), • w miarę możliwości - wyciszenie alarmów, nadmiaru oświetlenia.",,none,,,
zaburzenia-komunikowania-werbalnego,17.1,5,"Komunikowanie werbalne i pozawerbalne, wyrażające zainteresowanie, wsparcie: • stwarzanie atmosfery akceptacji, empatyczne podejście do pacjenta, • uważne słuchanie, powolne, spokojne mówienie do pacjenta, modulowanie głosu, używanie prostego języka komunikacji, • dawanie pacjentowi czasu na reakcję, • stosowanie dotyku terapeutycznego.",glowa,medium,,glowa,glowa
afazja,17.2,0,Nawiązanie kontaktu z chorym w celu zachęcenia go do mówienia.,,none,,,
afazja,17.2,1,"Uczenie chorego: • potakiwania lub zaprzeczania (głową lub ręką), • wymawiania słów „tak” i „nie”, • wymawiania prostych słów i zdań dotyczących potrzeb i najbliższego otoczenia.",,none,,,
afazja,17.2,2,Dostarczenie plansz ilustrujących potrzeby chorego.,,none,,,
afazja,17.2,3,"Mówienie do chorego cicho oraz budowanie krótkich, ale pełnych zdań. Akcentowanie głównych słów w zdaniu. Robienie przerw między słowami.",,none,,,
afazja,17.2,4,Podpowiadanie pierwszych sylab słowa.,,none,,,
afazja,17.2,5,"Stworzenie klimatu terapeutycznego: • przyjęcie przez personel postawy terapeutycznej (okazanie choremu zrozumienia, życzliwości, cierpliwości i chęci pomocy), • wiara personelu w skuteczność rehabilitacji mowy, • wystrzeganie się negatywnych emocji (dominowania nad chorym, lekceważenia jego trudności, wykazywania niecierpliwości), • unikanie działań traumatycznych dla chorego (ośmieszania, zmuszania chorego do odpowiedzi), • dostrzeganie wysiłków chorego i uzyskiwanych efektów, chwalenie chorego, • dążenie do zaakceptowania przez chorego występujących trudności i stosowanych działań.",,none,,,
afazja,17.2,6,"Obniżenie napięcia emocjonalnego: • wyjaśnienie przyczyn zaburzeń mowy i możliwości ich kompensacji, • omówienie stosowanych metod nawiązywania kontaktu z otoczeniem, • umożliwienie kontaktu z rodziną i innymi chorymi.",,none,,,
afazja,17.2,7,"Kształtowanie prawidłowej postawy rodziny w stosunku do chorego z afazją: • działania edukacyjne dotyczące przyczyny i istoty choroby, metod reedukacji mowy, nawiązywania kontaktu z chorym, konieczności prowadzenia ćwiczeń z chorym, pobudzania go do mówienia, okazania pozytywnych emocji choremu (takich jak: rozumienie trudności, okazanie chęci pomocy, miłości i ciepła).",,none,,,
dyzartria,17.3,0,"Nawiązanie kontaktu terapeutycznego z pacjentką: • okazanie zrozumienia i wsparcia emocjonalnego podczas kontaktu, • mówienie do pacjentki powoli, krótkimi zdaniami, • poświęcenie na rozmowę odpowiedniej ilości czasu, by pacjentka miała swobodę wypowiedzi oraz nie czuła presji czasu, • zachęcanie do swobodnej wypowiedzi, stosowania przerw w trackie mówienia, pogłębiania oddechów, „oszczędnego” dobierania słów w trakcie wypowiedzi.",klatka-piersiowa,medium,,klatka-piersiowa,klatka-piersiowa
dyzartria,17.3,1,"Ocena stopnia zaburzeń dyzartrycznych i omówienie metod komunikacji z pacjentką: • wypracowanie systemu znaków (np. uniesiony kciuk w górę oznacza „tak”), • stosowanie tablic z literami alfabetu, gotowymi zdaniami, obrazkami bądź używanie kartki i przyborów do pisania, • stosowanie smartonów, tabletów, laptopów do pisania.",,none,,,
dyzartria,17.3,2,"Stosowanie strategii wspomagających komunikację: • strategie niewerbalne - za pomocą gestów, poprzez utrzymywanie kontaktu wzrokowego, obserwowanie ekspresji twarzy mówiącego, • strategie stosowane w trakcie rozmowy - humor, potwierdzenie zrozumienia pacjentki, naprowadzanie na odpowiedni kontekst, skupienie na jednej kwesti.",glowa,medium,,glowa,glowa
dyzartria,17.3,3,"Zachęcanie do ćwiczeń fizjoterapeutycznych, w tym oddechowych, oraz logopedycznych usprawniających mięśnie aparatu mowy, takich jak: • ćwiczenia oddechowe poprawiające funkcje przepony oraz poprawiające efektywny wydech, • ćwiczenia usprawniające funkcję aparatu mowy, • zachęcanie do głośnego czytania, ze zwróceniem uwagi na intonację, rytm i akcent.",klatka-piersiowa,medium,,klatka-piersiowa,klatka-piersiowa
deficyty-w-zakresie-czynnosci-s-amoobslugowych,18.1,0,Promowanie niezależności w ubieraniu się (zaplanowanie nauki sposobu ubierania się).,,none,,,
deficyty-w-zakresie-czynnosci-s-amoobslugowych,18.1,1,"Dostarczanie, jeśli konieczne, przedmiotów pomocnych przy ubieraniu się (np. tasiemki przy suwaku, długa łyżka do butów, zapięcia na rzepy).",,none,,,
deficyty-w-zakresie-czynnosci-s-amoobslugowych,18.1,2,"Wybieranie ubrań luźnych, z szerokimi rękawami, nogawkami i zapięciem z przodu.",,none,,skora,
deficyty-w-zakresie-czynnosci-s-amoobslugowych,18.1,3,"Dawanie wystarczająco dużo czasu na ubranie i rozebranie się (szczególnie wtedy, gdy może to być męczące, bolesne lub trudne). Zachęcanie do noszenia ubrania dziennego, a nie nocnego.",,none,,skora,
deficyty-w-zakresie-czynnosci-s-amoobslugowych,18.1,4,Podanie środków przeciwbólowych (jeśli wskazane) przed ubieraniem lub rozbieraniem się (z uwzględnieniem czasu ich działania i drogi podania).,,none,,,
deficyty-w-zakresie-czynnosci-s-amoobslugowych,18.1,5,"Zapewnienie intymności i poczucia bezpieczeństwa podczas ubierania. Rozłożenie ubierania w czasie w zależności od możliwości pacjentki (podawanie po jednej części garderoby, a nie wszystkich naraz).",,none,,,
deficyty-w-zakresie-czynnosci-s-amoobslugowych,18.1,6,Zastosowanie w terapii zajęciowej elementów nauki posługiwania się sprzętem pomocniczym.,,none,,,
deficyt-w-poruszaniu-sie,18.2,0,"Określenie potrzeb żywieniowych pacjentki: • ocena aktualnego stanu odżywienia: – wykonanie badań antropometrycznych, – wykorzystanie skal stanu odżywienia, – pobranie krwi do badań laboratoryjnych na zlecenie lekarskie, – obliczenie BMI, • ocena ubytku tkanki mięśniowej, • określenie zapotrzebowania na witaminy i mikroelementy, • wywiad w kierunku chorób współistniejących, • ocena aktywności ruchowej pacjentki.",konczyny-gorne,high,,konczyny-gorne,konczyny-gorne
deficyt-w-poruszaniu-sie,18.2,1,"Wprowadzenie zbilansowanej diety oraz leczenia żywieniowego na zlecenie lekarskie: • dostosowanie postaci diety (stałej, miksowanej, płynnej) do możliwości połykania i gryzienia przez pacjentkę, • dostosowanie diety do indywidualnych preferencji smakowych, • stosowanie diety bogatobiałkowej: – włączenie chudego mięsa, ryb nabiału, jaj, – włączenie doustnych suplementów pokarmowych (DSP) w postaci gotowego preparatu do wypicia/proszkowanych suplementów białkowych dodawanych do pokarmów, np. jogurtu.",usta-drogi-oddechowe,medium,,usta-drogi-oddechowe,usta-drogi-oddechowe
deficyt-w-poruszaniu-sie,18.2,2,Monitorowanie leczenia żywieniowego oraz jego efektów.,,none,,,
deficyt-w-poruszaniu-sie,18.2,3,"Zastosowanie zabiegów fizjoterapii oddechowej: • wdrożenie ćwiczeń oddechowych, • edukacja w zakresie ich prawidłowego samodzielnego wykonywania, • zapobieganie zaleganiu wydzieliny oskrzelowej oraz ułatwienie jej ewakuacji, • nauka efektywnego kaszlu, • włączenie rodziny do współudziału w planie ćwiczeń oddechowych pacjentki.",usta-drogi-oddechowe,low,klatka-piersiowa:3,usta-drogi-oddechowe,usta-drogi-oddechowe
deficyt-w-poruszaniu-sie,18.2,4,"Udział w rehabilitacji usprawniającej, przyczyniającej się do utrzymania/odbudowy masy mięśniowej: • kontrola siły mięśniowej: – kontrola mięśnia przywodziciela kciuka, – kontrola uścisku dłoni, – ocena siły mięśniowej za pomocą skali Loveta, – ocena podstawowych czynności życia codziennego (skala ADL), – ocena złożonych czynności życia codziennego (skala IADL), • monitorowanie reakcji pacjentki podczas usprawniania i pionizacji z asystą fizjoterapeuty, • kontrola prawidłowej postawy podczas siedzenia, poruszania się oraz ułożenia pacjentki w łóżku, • ćwiczenia korygujące nieprawidłowe nawyki dotyczące postawy, • udostępnienie sprzętu: balkonika, kul, wózka w celu uaktywnienia pacjentki, • kontrola bezpieczeństwa procesu połykania i siły mięśni odpowiedzialnej za połykanie za pomocą kwestonariuszy: – EAT-10 (Test Oceny Procesu Jedzenia), – De Pippo (test połykania wody), • asystowanie w ćwiczeniach połykania, • okazanie wsparcia oraz motywowanie pacjentki w chwilach zwątpienia, okazanie wrażliwości na jej ograniczenia spowodowane wiekiem oraz osłabieniem.",konczyny-gorne,high,usta-drogi-oddechowe:3,konczyny-gorne,konczyny-gorne
deficyt-w-poruszaniu-sie,18.2,5,Udział w farmakoterapii przeciwbólowej zgodnie ze zleceniem lekarskim.,,none,,,
deficyt-w-poruszaniu-sie,18.2,6,"Stworzenie bezpiecznego środowiska umożliwiającego i zachęcającego pacjentkę do aktywności: • uzyskanie świadomej zgody na przeprowadzenie planowanych interwencji, • umożliwienie samodzielnego spożywania i przygotowywania pokarmów, • uaktywnienie pacjentki podczas codziennych czynności pielęgnacyjnych, • umożliwienie pacjentce decydowania o przebiegu wykonywanych przy niej czynności.",,none,,,
deficyt-w-poruszaniu-sie,18.2,7,"Zapewnienie wsparcia i pomocy adekwatnej do stopnia samodzielności oraz występowania deficytów pacjentki: • unikanie wyręczania, • unikanie wyznaczania samodzielnych zadań przekraczających możliwości pacjentki.",,none,,,
deficyt-w-poruszaniu-sie,18.2,8,"Edukowanie pacjentki oraz jej rodziny w zakresie usprawniania, opieki i zapewnienia bezpieczeństwa w domu.",,none,,,
zaburzenia-snu,18.5,0,"Ocena warunków, w których pacjentka przebywa, pod kątem możliwości zagwarantowania nieprzerwanego snu. Ocena sytuacji psychospołecznej pod kątem możliwych zakłóceń w satysfakcjonującym wypełnianiu ról społecznych, wykluczenia chorób psychicznych. Ocena stylu życia pod kątem możliwości zapewnienia higieny snu (ocenia się: aktywność fizyczną, odżywianie, używki, sposób spędzania wolnego czasu, rodzaj pracy, warunki panujące w sypialni). Ocena stanu zdrowia w celu wykluczenia chorób somatycznych jako możliwej przyczyny bezsenności. Po wykluczeniu zmian organicznych i zaburzeń psychicznych przystąpienie do próby uregulowania rytmu snu i czuwania we współpracy z pacjentką i jej rodziną (próba włączenia dzieci w organizację rytmu dnia).",,none,,,
zaburzenia-snu,18.5,1,Zalecenia dotyczące higieny snu:.,,none,,,
zaburzenia-snu,18.5,2,"Terapia polegająca na kontroli bodźców (edukacja na temat higieny snu, aby czas przeznaczony na spoczynek nie był kojarzony z innymi aktywnościami - oglądaniem telewizji, pracą itp.).",,none,,,
zaburzenia-snu,18.5,3,"1. Rytm snu i czuwania: • zrozumienie indywidualnego zegara biologicznego, • unikanie drzemek w ciągu dnia, bez względu na stopień zmęczenia, • położenie się do łóżka późnym wieczorem, kiedy odczuwa się zmęczenie, • wstawanie zawsze o tej samej porze przez 7 dni w tygodniu, bez względu na liczbę przespanych godzin (może być pomocny budzik), • unikanie leżenia po porannym przebudzeniu.",konczyny-dolne,high,,konczyny-dolne,konczyny-dolne
zaburzenia-snu,18.5,4,"2. Atmosfera zasypiania: • ustalenie rytuału przed snem (mogą to być: krótki spacer, kąpiel, czytanie, ciepły napój bez kofeiny, uspokajająca muzyka), • unikanie wszelkich czynności, w tym intelektualnych, pobudzających psychicznie co najmniej 90 min przed snem (oglądania filmów, słuchania muzyki pobudzającej).",skora,medium,,skora,skora
zaburzenia-snu,18.5,5,"3. Warunki w sypialni: • temperatura pomieszczenia (18-200C), • wentylacja pomieszczenia (otwarte okno), • wygodne łóżko, • wyciszenie sypialni (zatyczki do uszu przy trudnych do wyciszenia odgłosach), • zaciemnienie (zasłony zapobiegające przedostaniu się słońca), • unikanie jedzenia, oglądania telewizji, pracy w miejscu przeznaczonym do spania, • kolorystyka wnętrza (pastelowe kolory).",uszy,medium,,uszy,uszy
zaburzenia-snu,18.5,6,"4. Dieta: • unikanie nadmiernego spożywania kofeiny i produktów ją zawierających, zwłaszcza na 3-4 godz. przed snem, • unikanie spożywania dużych posiłków co najmniej na 2 godz. przed snem, • na 0,5 godz. przed snem przekąska o wysokiej zawartości skrobi (pieczywo, jabłko), szklanka ciepłego mleka, • unikanie słodyczy i soków owocowych, • samoobserwacja w kierunku spożywania produktów zakłócających sen.",,none,,,
zaburzenia-snu,18.5,7,"Relaksacja (ćwiczenia oddechowe, masaż relaksacyjny, muzyka relaksacyjna, medytacja, joga): • wizualizacja (utrzymywanie w umyśle przed snem jakiegoś spokojnego obrazu; liczenie od 1 do 100), • terapia paradoksalna (zalecenie, aby osoba starała się nie zasnąć), • terapia poznawcza (polega na identyfikacji przekonań i obaw dotyczących następstw bezsenności: „jeśli nie będę spał, będę całkowicie niezdolny do jakiegokolwiek działania, zupełnie niewydolny, całkowicie niesprawny”, stanowiących czynniki podtrzymujące bezsenność, uświadomienie ich fałszywości i próba zmiany).",klatka-piersiowa,medium,,klatka-piersiowa,klatka-piersiowa
zaburzenia-snu,18.5,8,"Aromatoterapia (fluidoterapia) - stosowanie olejków do kąpieli, np. z rumianku, lawendy, kwiatu pomarańczy, róży, majeranku (kilka kropel do kąpieli).",skora,medium,,skora,skora
zaburzenia-snu,18.5,9,"Ziołoterapia - fitoterapia (melisa lekarska, rumianek, kwiat lipy).",,none,,,
zaburzenia-snu,18.5,10,"Farmakoterapia - na zlecenie lekarza - melatonina (hormon szyszynki ułatwiający zaśnięcie), w dalszej kolejności tabletki nasenne - na krótki czas, ok. tygodnia, aby pomóc w czasie szczególnie trudnego okresu (2 lub 3 noce w tygodniu nie każdej nocy).",,none,,,
zaburzenia-snu,18.5,11,"Ocena skuteczności i bezpieczeństwa farmakoterapii (interakcje, działania uboczne, uzależnienie).",,none,,,
zmeczenie,18.6,0,"Nawiązanie kontaktu z pacjentką, pozyskanie jej zaufania. Stosowanie technik komunikacji terapeutycznej. Zachęcanie pacjentki do wyrażania uczuć związanych z odczuwanymi obawami i symptomami zmęczenia.",,none,,,
zmeczenie,18.6,1,"Analiza objawów przewlekłego zmęczenia, wpływu zmęczenia na stan zdrowia i funkcjonowanie pacjentki. Ocena nasilenia zmęczenia za pomocą jednej ze skal (patrz: Dane obiektywne).",,none,,,
zmeczenie,18.6,2,Przygotowanie chorej do badań diagnostycznych w celu zidentyfikowania przyczyn bólów głowy oraz symptomów długotrwałego zmęczenia.,glowa,medium,,glowa,glowa
zmeczenie,18.6,3,Udział w farmakoterapii i stosowanie niefarmakologicznych metod łagodzenia dolegliwości bólowych.,,none,,,
zmeczenie,18.6,4,"Wspólne opracowanie planu interwencji prowadzących do zmniejszenia zmęczenia: • ustalenie realistycznych, krótkoterminowych celów, • wprowadzenie technik zarządzania czasem (dziennik codziennych aktywności, ustalenie ważnych i mniej ważnych zadań), • zachęcanie do delegowania niektórych zadań na inne osoby, np. zatrudnienia osoby do pomocy w codziennych czynnościach, • włączenie rodziny pacjentki do przejęcia części jej obowiązków domowych, • współpraca z psychologiem klinicznym.",,none,,,
zmeczenie,18.6,5,"Edukacja pacjentki w zakresie prozdrowotnego trybu życia - diety, aktywności fizycznej, odpowiedniej ilości i higieny snu (patrz: rozdział 18.5), stosowania technik relaksacyjnych, fizjoterapii (w razie wskazań).",,none,,,
zachlysniecie-ryzyko-wystapienia,19.1,0,Wyjaśnienie pacjentce istoty choroby i konieczności współudziału w procesie leczenia i zapobieganiu złamaniom.,,none,,,
zachlysniecie-ryzyko-wystapienia,19.1,1,"Uświadomienie pacjentce, że osteoporoza jest chorobą, w której zmieniona kość łatwiej ulega złamaniu (do złamań dochodzi bez urazu lub przy małych urazach, które dla zdrowej kości nie stanowią żadnego zagrożenia; złamaniu ulegają najczęściej kręgi, kości przedramienia w okolicy nadgarstka i kość udowa).",konczyny-gorne,high,,konczyny-gorne,konczyny-gorne
zachlysniecie-ryzyko-wystapienia,19.1,2,"Leczenie farmakologiczne: leki antyresorpcyjne, anaboliczne i o mieszanym mechanizmie działania.",,none,,,
zachlysniecie-ryzyko-wystapienia,19.1,3,"1. Biofosfoniany - należy je przyjmować p.o. na czczo, popijać przegotowaną wodą i nie kłaść się przez 30 min po połknięciu. W razie przeciwwskazań do podawania p.o. lub niestosowania się chorego do zaleceń możliwe jest zastosowanie i.v.",,none,,,
zachlysniecie-ryzyko-wystapienia,19.1,4,2. Kalcytonina (np. łososiowa) zalecana jest do krótkotrwałego stosowania maksymalnie przez 2-4 tygodnie po złamaniu w celu wykorzystania działania przeciwbólowego w dawce 100 IU/d s.c. lub i.m.,,none,,,
zachlysniecie-ryzyko-wystapienia,19.1,5,"3. Selektywne modulatory receptora estrogenowego (selectve estrogen-receptor modulators, SERM) - stosowany p.o. raloksyfen 60 mg/d, ograniczony w stosowaniu ze względu na możliwe objawy niepożądane.",,none,,,
zachlysniecie-ryzyko-wystapienia,19.1,6,"4. Suplementacja wapnia Preparaty suplementacyjne wapnia należy przyjmować razem z posiłkiem, w łącznej dawce dobowej 1,0-1,4 g p.o. (wapnia elementarnego), zależnej od podaży wapnia w diecie. Węglan wapnia należy przyjmować podczas posiłków w dawkach podzielonych, nieprzekraczających 500 mg wapnia elementarnego.",,none,,,
zachlysniecie-ryzyko-wystapienia,19.1,7,"5. Suplementacja witaminy D w dawce 800-2000 IU/d lub w przypadku niedoborów dawki znacznie większe. Kontrola parametrów biochemicznych, świadczących o skuteczności tego uzupełnienia (wapnia i fosforu we krwi).",,none,,,
zachlysniecie-ryzyko-wystapienia,19.1,8,"Edukacja pacjentki - wyjaśnienie znaczenia diety w procesie leczenia i zapobieganiu złamaniom. Istotną rolę w zapobieganiu złamaniom i leczeniu osteoporozy ma optymalizacja spożycia wapnia (ok. 1200 mg/dz.), białka (1,2 g/kg mc./dz.), potasu (ok. 3500 mg/dz.) oraz magnezu (> 300 mg/dz.). Dzienne spożycie witaminy D - 800 IU, z uwagi na występujące endemiczne niedobory witaminy D część wytycznych zaleca dzienną dawkę witaminy D jako 1000-2000 IU/d. Najlepszym źródłem wapnia (i fosforu) w diecie jest mleko i jego przetwory. Liczne produkty są wzbogacone w wapń, np. płatki śniadaniowe i soki owocowe. Należy zmniejszyć spożycie pokarmów ograniczających wchłanianie wapnia, takich jak: szpinak i inne jarzyny zawierające kwas szczawiowy, ziarna zbóż zawierające kwas fitynowy (np. otręby pszenne), herbata (z powodu zawartych w niej tanin), białko zwierzęce oraz produkty zwiększające wydalanie wapnia z moczem: sól, mocna kawa, herbata, coca-cola. Równomierne rozłożenie we wszystkich posiłkach w ciągu dnia produktów bogatych w wapń. W żywności witamina D występuje w niewielkich ilościach: w bogatych w tłuszcze produktach pochodzenia zwierzęcego, takich jak: oleje z wątroby ryb (trany), mięso ryb (węgorz, śledź, makrela), żółtko jaj, wątroba, smalec.",miednica,medium,,skora,miednica
zachlysniecie-ryzyko-wystapienia,19.1,9,"Edukacja pacjentki - wyjaśnienie znaczenia aktywności fizycznej w procesie leczenia osteoporozy i zapobieganiu złamaniom. Właściwy program rehabilitacji powinien obejmować wczesne wprowadzenie ćwiczeń ruchowych i wzmacnianie mięśni oraz długoterminowe ćwiczenia równowagi i zapobieganie upadkom. Wskazane są ćwiczenia z obciążeniem, aerobik, marsze, turystyka piesza, wchodzenie po schodach, tai-chi. Zaleca się wykonywanie umiarkowanej aktywności fizycznej (np. chodzenie, pływanie) co najmniej 3 × w tygodniu przez 30 min. Podczas czynności dnia codziennego należy wyeliminować ruchy zgięcia i rotacji kręgosłupa. Ponadto zakazane są ćwiczenia zgięcia i rotacji kręgosłupa, szczególnie szybkie i powtarzane ruchy.",klatka-piersiowa,low,plecy:5,klatka-piersiowa,klatka-piersiowa
zachlysniecie-ryzyko-wystapienia,19.1,10,"Eliminowanie upadków i urazów: - unikanie sytuacji zwiększających ryzyko upadku - korekcja zaburzeń widzenia, leczenie zaburzeń równowagi, ćwiczenia fizyczne w celu poprawy sprawności ruchowej i wzmocnienia mięśni, noszenie odpowiedniego obuwia i pantofli antypoślizgowych, unikanie stosowania długo działających leków nasennych. Podczas uprawiania sportu wskazane jest stosowanie ochraniaczy. Zapewnienie bezpiecznych warunków w domu, zapewnienie dostatecznego oświetlenia, umocowanie podpórek, zlikwidowanie śliskich dywaników, gładkich podłóg, obluzowanych poręczy, stosowanie mat antypoślizgowych w wannie. Stosowanie zasad bezpieczeństwa podczas prowadzeniu samochodu.",,none,,,
zachlysniecie-ryzyko-wystapienia,19.1,11,Zapoznanie z techniką upadku ograniczającą urazy szczególnie narażonych na złamania kości.,,none,,,
zachlysniecie-ryzyko-wystapienia,19.1,12,"Inne zalecenia: - unikanie czynników negatywnie działających na kość: • ograniczenie alkoholu, • ograniczenie picia kawy, • zaprzestanie palenia papierosów.",,none,,,
upadki,19.3,0,"Przeprowadzenie wywiadu z pacjentką dotyczącego: • częstości i okoliczności upadku, • rodzaju aktywności przed upadkiem: co pacjentka robiła, jak się czuła? (jakie wystąpiły objawy prodromalne, np. zawroty głowy, zaburzenia równowagi), • stanu świadomości i procesów poznawczych podczas upadku (Czy pacjentka pamięta chwilę utraty równowagi?), • stanu świadomości i dolegliwości po upadku (Jak się czuła, gdy znalazła się na podłodze? Czy mogła wstać o własnych siłach, jeżeli nie, to dlaczego?), • chorób ostrych i przewlekłych, • stosowanych leków, • sprawności funkcjonalnej (podstawowych czynności dnia codziennego, złożonych czynności dnia codziennego), • czynników środowiskowych [Kędziora-Kornatowska, Biercewicz, 2017; Deskur-Śmielecka, 2019].",glowa,medium,,glowa,glowa
upadki,19.3,1,"Wykonanie pomiarów/badań, takich jak: • pomiary ciśnienia tętniczego krwi i tętna, • wykonanie próby ortostatycznej, • ocena czucia powierzchownego na kończynach dolnych, czucia głębokiego, odruchów ścięgnistych, obecności objawów pozapiramidowych i objawów ognistych, • ocena czynności stawów kończyn dolnych, siły mięśni (ocena obrażeń ciała ze szczególnym uwzględnieniem układu ruchu), • badanie ostrości wzroku i słuchu, • badanie zaburzenia równowagi i chodu, • pobranie krwi do badań laboratoryjnych oznaczenia hemoglobiny, mocznika w surowicy, kreatyniny w surowicy, glikemii, witaminy D w surowicy [Deskur-Śmielecka, 2019; Podhorecka, 2019].",konczyny-gorne,high,,konczyny-gorne,konczyny-gorne
upadki,19.3,2,"Podjęcie działań leczniczo-pielęgnacyjnych adekwatnych do rodzaju obrażeń i rozpoznanych czynników ryzyka: • wykonanie okładu chłodzącego, • podanie leku przeciwbólowego zgodnie z indywidualną kartą zleceń, • wyjaśnienie pacjentce konieczności nakładania żelu lub maści, np. Fastum, Arcalen, • pouczenie o konieczności systematycznego monitorowania stanu zdrowia, • podjęcie próby zmniejszenia liczby preparatów, eliminacji leków nasennych krótko działających, • unikanie przyjmowania przed snem większej ilości płynów [Skalska, Żak, 2016].",skora,medium,,skora,skora
upadki,19.3,3,"Wzmocnienie poczucia bezpieczeństwa chorej i poprawa jej funkcjonowania przez: • motywowanie do podejmowania aktywności fizycznej i czynności związanych z samoopieką, • omówienie bezpiecznego funkcjonowania podczas czynności dnia codziennego, • wskazanie konieczności wprowadzenia modyfikacji zmierzającej do eliminacji zewnętrznych czynników sprzyjających upadkom, • edukację w zakresie przyczyn upadków, w tym organizacji bezpiecznego środowiska zewnętrznego, • zapoznanie z technikami upadku, ograniczającymi urazy (szczególnie u osób narażonych na złamania kości), • omówienie właściwego postępowania po upadku, • zapoznanie z konwencjonalnymi technikami podnoszenia się po upadku polegającymi na stopniowym przejściu z pozycji leżącej do siedzącej, następnie do klęku, tak aby zakończyć na pozycji stojącej, wspierając się o krzesło, ławkę lub inny mebel w pobliżu oraz metodą ruchów obejmującą naukę ruchów wspak [Podhorecka, 2019], • wskazanie możliwości wezwania pomocy, • zachęcenie do regularnej rehabilitacji indywidualnie dostosowanej do stanu zdrowia i możliwości pacjentki, szczególnie do ćwiczeń poprawiających kondycję ruchową i równowagę [Deskur-Śmielecka, 2019; Podhorecka, 2019].",,none,,,
upadki,19.3,4,"Nawiązanie kontaktu terapeutycznego przez: • okazanie akceptacji i szacunku, cierpliwości i opanowania, życzliwości, • aktywne słuchanie, • umożliwienie chorej wyrażenia uczuć, wypowiadania się na temat nurtujących ją problemów i rozładowywanie nagromadzonych emocji poprzez rozmowę. Zastosowanie psychoterapii elementarnej: • wyjaśnienie wątpliwości pacjentki, • niwelowanie negatywnych uczuć związanych z upadkiem, zachęcanie do mobilizowania sił obronnych organizmu pacjentki poprzez naukę bezpiecznego transferu, np. wdrożenie torów przeszkód, ćwiczeń wstawania po upadku [Kędziora-Kornatowska, Biercewicz, 2017; Skalska, Żak, 2016].",,none,,,
zakazenia-szpitalne-ryzyko-wystapienia,19.4,0,"Pomiar, ocena i dokumentowanie wartości temperatury ciała.",cale-cialo,medium,,cale-cialo,cale-cialo
zakazenia-szpitalne-ryzyko-wystapienia,19.4,1,"Ocena funkcji pęcherza moczowego: • ilości dostarczanych płynów oraz objętości wydalanego moczu (bilans płynów), • częstości mikcji w ciągu dnia i nocy, • zdolności utrzymania moczu do czasu mikcji, • dolegliwości bólowych związanych z mikcją, • epizodów moczenia się i trudności w utrzymaniu higieny osobistej, • zapachu i wyglądu moczu, • wyników badań laboratoryjnych moczu.",miednica,high,,miednica,miednica
zakazenia-szpitalne-ryzyko-wystapienia,19.4,2,Cewnikowanie pęcherza moczowego tylko w razie bezwzględnej konieczności/skracanie czasu utrzymania cewnika.,miednica,high,,miednica,miednica
zakazenia-szpitalne-ryzyko-wystapienia,19.4,3,Ćwiczenia oddechowe. Ćwiczenia skutecznego kaszlu. Ćwiczenia ogólnie usprawniające i ogólnokondycyjne. Zmiana pozycji ciała pacjentki. Wysokie ułożenie pacjentki w łóżku.,plecy,low,usta-drogi-oddechowe:3 klatka-piersiowa:3,plecy,plecy
zakazenia-szpitalne-ryzyko-wystapienia,19.4,4,"Przestrzeganie zasad aseptyki i antyseptyki podczas zakładania i utrzymania dostępu naczyniowego. Stosowanie opatrunków transparentnych umożliwiających obserwację miejsca wkłucia. Monitorowanie miejsca wkłucia w kierunku cech stanu zapalnego (obrzęku, zaczerwienienia, bólu). Dokumentowanie prowadzonej opieki nad dostępem naczyniowym.",konczyny-gorne,high,,konczyny-gorne,konczyny-gorne
zakazenie-miejsca-operowanego-ryzyko-wystapienia-zakazenia,19.5,0,"Wywiad z pacjentem w kierunku rozpoznania czynników ryzyka ZMO: palenia tytoniu, stanu odżywienia, chorób współistniejących (np. cukrzyca, niewydolność krążenia, choroby nowotworowe, przewlekła niewydolność nerek, aktywne zakażenia). W przypadku palenia tytoniu - edukacja terapeutyczna pacjenta w zakresie zaprzestania palenia w okresie przedoperacyjnym co najmniej miesiąc przed planowaną operacją Ocena stanu odżywienia i w razie potrzeby podjęcie zaleconej interwencji żywieniowej co najmniej 2-4 tygodnie przed operacją w: • niedożywieniu; zalecenie zbilansowanej diety we współpracy z dietetykiem klinicznym, z uwzględnieniem preparatów przemysłowych ONS, • otyłości - wskazówki dietetyczne w okresie przedoperacyjnym (co najmniej 4 tygodnie), wdrożenie diety zbilansowanej niskokalorycznej po konsultacji z dietetykiem.",,none,,,
zakazenie-miejsca-operowanego-ryzyko-wystapienia-zakazenia,19.5,1,"W przypadku hiperglikemii - monitorowanie poziomu, ustabilizowanie wartości glikemii W przypadku występowania aktywnych zakażeń - przekazanie pacjentowi zaleceń dotyczących eradykacji patogenów poprzez zastosowanie antybiotykoterapii.",,none,,,
zakazenie-miejsca-operowanego-ryzyko-wystapienia-zakazenia,19.5,2,"Przygotowanie pacjenta do operacji w zakresie: • higieny skóry, • pola operacyjnego (usunięcie owłosienia w razie potrzeby oraz poinformowanie pacjenta o nieusuwaniu owłosienia we własnym zakresie).",skora,medium,,skora,skora
zakazenie-miejsca-operowanego-ryzyko-wystapienia-zakazenia,19.5,3,"Postępowanie w okresie okołooperacyjnym: • dekontaminacja łóżka pacjenta i wyposażenie go w czystą bieliznę pościelową, • przestrzeganie higieny rąk przez personel medyczny, • przestrzeganie zasad antyseptyki pola operacyjnego, • zastosowanie okołooperacyjnej, profilaktycznej antybiotykoterapii, • utrzymanie normotermii.",,none,,,
bol-u-dzieci,19.6,0,"Ocena bólu i czynników modulujących doznania bólowe, jak: gorączka, lęk, negatywne stany emocjonalne, zmęczenie.",cale-cialo,medium,,cale-cialo,cale-cialo
bol-u-dzieci,19.6,1,"Ocenianie charakteru, natężenia i lokalizacji doznań bólowych za pomocą dostępnych narzędzi do oceny bólu.",,none,,,
bol-u-dzieci,19.6,2,Założenie karty obserwacyjnej bólu („karta bólu”) i dokumentowanie w niej wszystkich pomiarów. Utrzymanie stałego przepływu informacji między członkami zespołu terapeutycznego.,,none,,,
bol-u-dzieci,19.6,3,"Podawanie leków zgodnie z kartą zleceń lekarskich (leczenie samej choroby i leczenie bólu): niesteroidowe leki przeciwzapalne - NLPZ, leki z grupy glikokortykosteroidów, cytostatyki, leki immunosupresyjne, leki biologiczne, leki modulujące przebieg choroby (sulfasalazyna, leki przeciwmalaryczne).",,none,,,
bol-u-dzieci,19.6,4,Wdrożenie farmakoterapii adjuwantowej (np. anksjolityków) i ocena efektywności podjętych działań.,,none,,,
bol-u-dzieci,19.6,5,"Ocena efektów leczenia przeciwbólowego i istoty choroby - (regularny pomiar natężenia bólu i jego charakteru, ocena efektywności snu i wypoczynku, ocena aktywności fizycznej, ocena tolerancji leków analgetycznych i adjuwantowych).",,none,,,
bol-u-dzieci,19.6,6,Monitorowanie/ocena ewentualnych niepożądanych objawów stosowanej analgezji. Pojawienie się podczas farmakoterapii prewencyjnej niepożądanych objawów terapii analgetycznej.,,none,,,
bol-u-dzieci,19.6,7,"Ograniczenie aktywności fizycznej, ale nie jej wyeliminowanie - wyjaśnienie dziecku i jego opiekunom konieczności prowadzenia gimnastyki i utrzymywania aktywności fizycznej.",,none,,,
bol-u-dzieci,19.6,8,"Zapewnienie warunków do snu i wypoczynku. Zmniejszenie zmęczenia. W przypadku bezsenności lub gdy w nocy sen był nieefektywny (sen przerywany, płytki) włączenie leczenia farmakologicznego na zlecenie lekarza (leków przeciwdepresyjnych, anksjolityków) i ocena efektywności ich działania.",,none,,,
bol-u-dzieci,19.6,9,Komasacja zabiegów pielęgnacyjnych.,,none,,,
bol-u-dzieci,19.6,10,"Ocena funkcjonowania pacjenta z użyciem kwestonariuszy. Ocena możliwości samoobsługowych dziecka i jego aktywności oraz dobór systemu pielęgnowania do potrzeb i możliwości dziecka (całkowicie kompensujący, częściowo kompensujący z elementami wsparcia).",,none,,,
bol-u-dzieci,19.6,11,Przekazywanie obserwacji zespołowi terapeutycznemu.,,none,,,
bol-u-dzieci,19.6,12,"Ocena stanu psychicznego dziecka (jak: nastrój, lęk, rozdrażnienie, wycofywanie się z kontaktów społecznych, aktywność intelektualna, agresja). W przypadku zaobserwowania niepokojących objawów poinformowanie innych członków zespołu terapeutycznego (lekarza, psychologa).",,none,,,
bol-u-dzieci,19.6,13,"Ocena relacji rodzic-zespół terapeutyczny, dziecko-zespół terapeutyczny, dziecko-rodzic (np. czy dziecko chętnie nawiązuje kontakt werbalny i pozawerbalny z członkami zespołu, chętnie zgłasza dolegliwości, okazuje zaufanie).",,none,,,
bol-u-dzieci,19.6,14,"Stosowanie niefarmakologicznych metod zmniejszających natężenie ból jako elementu terapii multmodalnej np. technik relaksacyjnych (treningów rozluźniających, jak napinanie i rozluźnianie kolejnych grup mięśni w pozycji leżącej, głębokie oddychanie, trening gimnastyczny, wizualizacja).",,none,,,
bol-u-dzieci,19.6,15,Ocena skóry i błon śluzowych jamy ustnej w kierunku wykrycia zmian patologicznych (np. grzybiczych) będących przyczyną bólu jamy ustnej („zespół bolesnej jamy ustnej”). Ocena stanu przyzębia i zębów (zmiany próchnicze) w celu wyeliminowania przyczyny bólu zębów i zminimalizowania rozwoju infekcji ogólnoustrojowej.,usta-drogi-oddechowe,medium,skora:4,usta-drogi-oddechowe,usta-drogi-oddechowe
bol-u-dzieci,19.6,16,"W przypadku wystąpienia gorączki, natychmiastowe podjęcie działań obniżających gorączkę poprzez działania farmakologiczne i fizykalne.",cale-cialo,medium,,cale-cialo,cale-cialo
bol-u-osob-doroslych,19.7,0,Ocena nasilenia odczuwanego bólu za pomocą wybranej skali jednowymiarowej oraz weryfikacja pozostałych elementów badania bólu. Ocena zakresu trudności w podejmowaniu aktywności życia codziennego pacjentki. Ocena wpływu dolegliwości bólowych na funkcjonowanie w życiu codziennym.,,none,,,
bol-u-osob-doroslych,19.7,1,Zachęcanie pacjentki do podjęcia próby znalezienia czynników łagodzących dolegliwości bólowe i unikania czynników nasilających dolegliwości bólowe.,,none,,,
bol-u-osob-doroslych,19.7,2,Ocena umiejętności pacjentki oraz jej rodziny/ opiekuna w radzeniu sobie ze stresem i bólem. Zachęcanie pacjentki do podjęcia współpracy z rodziną oraz korzystania z jej pomocy.,,none,,,
bol-u-osob-doroslych,19.7,3,Motywowanie pacjentki do wykazywania postawy zaangażowania w codzienną aktywność oraz udzielanie wsparcia.,,none,,,
bol-u-osob-doroslych,19.7,4,"Wyjaśnienie zalet oraz konieczności stosowania fizykoterapii, ocena jej wpływu na zmniejszenie dolegliwości bólowych u pacjentki. Zachęcanie pacjentki do uczęszczania na zlecone zabiegi kinezyterapii oraz do samodzielnego wykonywania ćwiczeń w domu. Motywowanie pacjentki do wykonywania nawet niewielkich ruchów chorą kończyną. Pouczenie pacjentki o konieczności ograniczenia aktywności przeciążających stawy w obrębie lewej kończyny górnej. Zapoznanie pacjentki z techniką lekkiego dotykania kończyny górnej tkaniną o wyraźnej fakturze w celu desensytyzacji.",konczyny-gorne,high,,konczyny-gorne,konczyny-gorne
bol-u-osob-doroslych,19.7,5,Poinformowanie pacjentki o konieczności przestrzegania zaleceń związanych z przyjmowaniem leków przeciwbólowych.,,none,,,
bol-u-osob-doroslych,19.7,6,"Edukacja pacjentki oraz jej rodziny/opiekuna w obszarze zarządzania własnym bólem poprzez: akceptację, kontrolę, stymulację codziennych czynności, wyznaczanie prostych celów, umiejętności relaksacji oraz prowadzenie „dzienniczka obserwacyjnego”.",,none,,,
zaburzenia-obrazu-siebie,20.1,0,"Nawiązanie kontaktu terapeutycznego przez: • okazanie akceptacji i empati, • szczerość i otwartość, • stworzenie poczucia bezpieczeństwa, • uważne słuchanie oraz milczenie terapeutyczne, • mówienie w pierwszej osobie, • identyfikacja mocnych stron, • klaryfikacja uczuć i emocji, • mówienie w sposób spokojny i zdeterminowany, • opanowanie w obliczu zachowań agresywnych i obraźliwych, • pokazywanie źródeł negatywnych emocji prowadzących do agresji, • kontrolowanie własnych uczuć i emocji w trakcie kontaktu z pacjentką. Próba wzmocnienia samooceny przez: • rozpoznanie czynników wpływających na niską samoocenę, • nieocenianie postawy pacjentki, • stosowanie wzmocnień pozytywnych, • wzmacnianie poczucia bycia osobą wartościową, • zachowanie pozycji otwartej, nastawionej na słuchanie.",,none,,,
zaburzenia-obrazu-siebie,20.1,1,"Ułatwienie nawiązania kontaktu z otoczeniem: • zbudowanie komunikacji opartej na szczerości i zaufaniu, • stwarzanie poczucia bezpieczeństwa przez obecność przy chorej i zapewnienie o gotowości do pomocy, • zachęcanie chorej do brania udziału w zajęciach grupowych i terapii zajęciowej, • zachęcanie do nawiązywania kontaktów z rówieśnikami oraz rodziną.",glowa,medium,,glowa,glowa
zaburzenia-obrazu-siebie,20.1,2,"Zmniejszenie poziomu agresji i autoagresji przez: • obserwację chorej w celu wykrycia ewentualnych zachowań bezpośrednio zagrażających jej życiu bądź zdrowiu, • zachowanie spokojnego tonu głosu podczas rozmowy, • stworzenie możliwości odreagowania negatywnych emocji przez rozmowę lub udział w zajęciach terapeutycznych (np. psychorysunek), • umiejętne odpieranie zarzutów chorej, • rozmowa o uczuciach, które powodują agresję, • niemoralizowanie i nieocenianie zachowania chorej.",,none,,skora,
zaburzenia-obrazu-siebie,20.1,3,"Przywrócenie kondycji fizycznej pozwalającej na normalne funkcjonowanie poprzez terapię żywieniową: • obserwacja chorej podczas spożywania posiłków, • zmniejszanie lub eliminowanie następstw choroby (niedopuszczenie do zagłodzenia, zapobiegnięcie dalszej utracie masy ciała), • stosowanie w pierwszym okresie choroby diety o wysokiej wartości energetycznej; taką dietę utrzymuje się do czasu, gdy chora uzyska jej wieku, • w przypadku niechęci do przyjmowania pokarmów, połączonej ze znacznym ubytkiem masy ciała należy rozważyć (wspólnie z zespołem terapeutycznym) założenie sondy żołądkowej lub zastosowanie żywienia parenteralnego.",brzuch,high,,brzuch,brzuch
zaburzenia-obrazu-siebie,20.1,4,"Z chwilą poprawy stanu somatycznego (przy współpracy członków zespołu terapeutycznego) włączenie chorej w proces psychoterapii: • terapia indywidualna ma pomóc w codziennym funkcjonowaniu przez zmniejszenie poziomu depresji, uczenie radzenia sobie z lękami związanymi z wchodzeniem w dorosłość; terapia pomaga kształtować bardziej realistyczny obraz siebie oraz relacje z innymi, • terapia rodzinna pomaga zarówno osobie chorej, jak i jej rodzinie w zaakceptowaniu dojrzewania i usamodzielniania się; terapia umożliwia rodzinie swobodne, szczere dzielenie się uczuciami, zmienia wewnętrzne relacje, uczy, jak radzić sobie z konfliktami, z lękiem i poczuciem winy, • terapia behawioralna koncentruje się przede wszystkim na zniesieniu konkretnego objawu, opiera się na stosowaniu nagród i kar, uzależnianych od przytycia bądź schudnięcia przez chorą, • terapia grupowa charakteryzuje się tworzeniem grupy osób o podobnych problemach związanych z chorobą; stosowana w celu podtrzymania dotychczasowych efektów leczenia.",,none,,,
zaburzenia-poczucia-tozs-amosci,20.2,0,Ocena stanu klinicznego pacjenta i subiektywnych odczuć związanych z ograniczeniami sprawności seksualnej.,,none,,,
zaburzenia-poczucia-tozs-amosci,20.2,1,"Omówienie z pacjentem warunków ułatwiających bezpieczne i satysfakcjonujące współżycie, wyjaśnienie reakcji organizmu w aspekcie zużycia tlenu podczas wysiłku fizycznego oraz aktywności seksualnej.",,none,,,
zaburzenia-poczucia-tozs-amosci,20.2,2,"Nauczenie technik redukcji zapotrzebowania organizmu na tlen: • unikanie leżenia na płasko, • stosowanie pozycji seksualnych, które są wygodne i nie zaburzają oddychania (np. pozycja boczna), • zaplanowanie współżycia w porze dnia, kiedy pacjent jest wypoczęty, • unikanie podejmowania aktywności po jedzeniu, piciu, przy objawach zmęczenia, • stosowanie technik relaksacyjnych, np. jogi, • unikanie aktywności z nieznanym partnerem (dodatkowy stres), • przerwanie stosunku w razie wystąpienia trudności w oddychaniu.",,none,,,
nieefektywne-radzenie-sobie-ze-stresem,20.4,0,"Nawiązanie kontaktu terapeutycznego przez: • akceptację i szacunek, • cierpliwość i opanowanie, • życzliwość, • aktywne słuchanie, • okazywanie zainteresowania problemami chorego.",,none,,,
nieefektywne-radzenie-sobie-ze-stresem,20.4,1,"Ocena reakcji pacjenta na chorobę przez: • obserwację zachowania (jak: unikanie, lęk, agresja, akceptacja, zaprzeczanie), • rozmowę na temat uczuć i emocji związanych z chorobą i jej konsekwencjami, • umożliwienie pacjentowi odreagowania emocji, • określenie najistotniejszych trudności pacjenta w radzeniu sobie z chorobą.",,none,,,
nieefektywne-radzenie-sobie-ze-stresem,20.4,2,"Zapewnienie bezpieczeństwa fizycznego i psychicznego przez: • stałą obecność przy pacjencie, • monitorowanie stanu pacjenta, • wyjaśnianie wszelkich wątpliwości chorego związanych z dalszym przebiegiem leczenia, • informowanie pacjenta o planowanych badaniach czy zabiegach pielęgnacyjnych, procesie leczenia, przejściowych ograniczeniach spowodowanych zawałem serca, • umożliwienie choremu kontaktu z bliskimi, kapelanem.",,none,,,
nieefektywne-radzenie-sobie-ze-stresem,20.4,3,"Zmniejszenie poziomu lęku przez: • rozmowę na temat uczuć i emocji pacjenta, • zastosowanie podstawowych technik terapeutycznych, np. relaksacji, wizualizacji, • okazywanie cierpliwości i opanowania, • zapewnienie pacjentowi spokoju, • okazanie mu wsparcia psychicznego, • umożliwienie kontaktu z psychologiem.",,none,,,
nieefektywne-radzenie-sobie-ze-stresem,20.4,4,"Uczenie pacjenta efektywnych sposobów radzenia sobie ze stresem przez: • identyfikację problemu (przyczynę zachowania, emocje jemu towarzyszące), • wskazanie możliwych sposobów rozwiązywania sytuacji trudnych (rozwijanie umiejętności komunikowania potrzeb i emocji), • poszukiwanie wsparcia, • rozwiązywanie problemów przez konfrontację z problemem oraz ukazywanie alternatywnych sposobów rozwiązania problemu, • omówienie różnorodnych technik relaksacyjnych (np. treningu autogennego Schultza, treningu progresywnej relaksacji Jacobsona, wizualizacji, pozytywnego myślenia, pływania, spacerowania, ćwiczeń oddechowych).",,none,,,
nieefektywne-radzenie-sobie-ze-stresem,20.4,5,"Wzmocnienie poczucia wartości i kompetencji zdrowotnych pacjenta poprzez: • motywowanie pacjenta do podejmowania działania, • chwalenie wysiłków pacjenta, • wspieranie jego działań, • wprowadzenie działań edukacyjnych z zakresu profilaktyki drugorzędowej (poprzez zmianę stylu życia, nawyków zdrowotnych, przygotowanie do życia z chorobą), • okazywanie życzliwości i wyrozumiałości, • podkreślanie jego zalet i umiejętności, • umożliwienie kontaktu z psychologiem, • umożliwienie kontaktu z bliskimi.",,none,,skora,
obnizone-poczucie-sensu-zycia,20.5,0,"Ocena: • sytuacji zdrowotnej pacjentki, • sytuacji psychospołecznej, • czynników wpływających na obniżenie sensu życia.",,none,,,
obnizone-poczucie-sensu-zycia,20.5,1,"Uważne słuchanie odczuć pacjentki na temat cierpienia. Stosowanie technik komunikacji terapeutycznej, takich jak: parafrazowanie, klaryfikacja, precyzowanie, podsumowanie, zachęta, dowartościowanie, odzwierciedlenie uczuć. Zachowanie postawy nieoceniającej. Pozostawienie czasu na przeżycie żalu, okazywanie troski. Dostosowanie sposobu komunikacji do indywidualnych potrzeb pacjentki.",,none,,,
obnizone-poczucie-sensu-zycia,20.5,2,"Promowanie i monitorowanie kontaktów z rodziną, innymi ludźmi oraz grupami wsparcia. Zachęcanie do nawiązywania kontaktu.",,none,,,
obnizone-poczucie-sensu-zycia,20.5,3,Opracowanie wspólnie z pacjentką sposobu działania według indywidualnych deficytów/ potrzeb.,,none,,,
obnizone-poczucie-sensu-zycia,20.5,4,Zachęcanie pacjentki do podejmowania czynności samoopiekuńczych. Udzielanie pochwał za podejmowane działania.,,none,,,
obnizone-poczucie-sensu-zycia,20.5,5,"Pomoc chorej w przystosowaniu się do nowej sytuacji, znalezieniu powodu do życia. Promowanie nadziei.",,none,,,
zmniejszona-satysfakcja-z-zycia,20.6,0,"Ocena: • satysfakcji z życia pacjentki (skala SWLS), • sytuacji zdrowotnej pacjentki, • sytuacji społecznej pacjentki, • czynników wpływających na obniżenie poczucia satysfakcji z życia (wykorzystanie skal m.in.: AIS, GSES, Mini-COPE, PSS10, DS14).",,none,,,
zmniejszona-satysfakcja-z-zycia,20.6,1,"Empatyczne podejście do pacjentki, komunikowanie wyrażające zainteresowanie.",,none,,,
zmniejszona-satysfakcja-z-zycia,20.6,2,Ocena poziomu wiedzy pacjentki na temat samopielęgnacji w chorobie.,,none,,,
zmniejszona-satysfakcja-z-zycia,20.6,3,Opracowanie wspólnie z pacjentką planu podejmowanych działań według indywidualnych deficytów i bieżących potrzeb.,,none,,,
zmniejszona-satysfakcja-z-zycia,20.6,4,"Wspieranie działań promujących obraz siebie u pacjentki, takich jak: dostrzeganie swoich myśli, odczuć, pragnień i działań; akceptacja swoich zalet, wad, sukcesów i porażek; asertywność, wyznaczanie celów w życiu i ich realizacja, życie w zgodzie ze sobą.",,none,,skora,
zmniejszona-satysfakcja-z-zycia,20.6,5,Udzielanie pacjentce wsparcia emocjonalnego w podejmowaniu pozytywnych zachowań zdrowotnych. Kształtowanie poczucia własnej skuteczności u pacjentki.,,none,,,
zmniejszona-satysfakcja-z-zycia,20.6,6,"Motywowanie pacjentki do podejmowania aktywności, działań samoopiekuńczych, udzielanie pochwał za osiągane rezultaty.",,none,,,
lek,20.7,0,Samoobserwacja i samokontrola własnych emocji i odczuć w kontakcie z pacjentem.,,none,,,
lek,20.7,1,"Nawiązanie kontaktu terapeutycznego przez: • akceptację i szacunek, • cierpliwość i opanowanie, • życzliwość, • aktywne słuchanie, • wzmacnianie obrazu siebie pacjenta przez ukazywanie jego mocnych stron, dodawanie otuchy. Wzmocnienie poczucia bezpieczeństwa chorego i poprawa jego funkcjonowania przez: • określenie najistotniejszych trudności w adaptacji chorego do nowej sytuacji, • ułatwienie odreagowania przykrych emocji, • zaakceptowanie ograniczeń i możliwości radzenia sobie przez chorego z problemami, • zapewnienie, że zostanie mu udzielona niezbędna fachowa pomoc, • zapoznanie z topografią oddziału, zespołem terapeutycznym, • poinformowanie o rodzaju, celu oraz terminie wykonania niezbędnych badań, • omówienie sposobu przygotowania do badań, • omówienie sposobu przygotowania pacjenta do zabiegu i postępowania po nim, • odpowiedź na pytania i wyjaśnienie wątpliwości związanych z zabiegiem, korekta fałszywej wiedzy, • wzmacnianie obrazu siebie pacjenta przez ukazywanie jego mocnych stron, dodawanie otuchy, • umożliwienie kontaktu z rodziną oraz kapelanem.",,none,,,
lek,20.7,2,"Zmniejszenie poziomu lęku przez: • rozmowę z pacjentem na temat uczuć i emocji, • cierpliwe słuchanie, • okazanie zrozumienia, • zastosowanie podstawowych technik terapeutycznych, np. relaksacji, wizualizacji, • umożliwienie kontaktu z innymi pacjentami, którzy pomyślnie przeszli operację, • uwzględnienie potrzeb duchowych chorego, np. kontaktu z kapłanem, • umożliwienie pacjentowi kontaktu z psychologiem, • umożliwienie choremu kontaktu z bliskimi, • współpraca z rodziną.",,none,,,
lek-przed-smiercia,20.8,0,"Nawiązanie kontaktu terapeutycznego z pacjentem przez: • budowanie atmosfery zaufania i bezpieczeństwa, • stworzenie warunków do rozmowy oraz wyrażania uczuć, • przyjęcie postawy akceptacji i empati oraz otwartości i gotowości podjęcia rozmowy na trudne dla pacjenta tematy, • dobrą komunikację z pacjentem, stosowanie technik aktywnego słuchania (potwierdzanie odbioru informacji, konkretyzowanie, klaryfikacja, odzwierciedlenie uczuć), • przebywanie z pacjentem w milczeniu oraz stosowanie dotyku (np. trzymanie za rękę), jeśli pacjent preferuje taką formę kontaktu.",,none,,,
lek-przed-smiercia,20.8,1,"Ocena: • lęku, depresji oraz objawów towarzyszących, • holistycznych potrzeb pacjenta.",,none,,,
lek-przed-smiercia,20.8,2,"Udział w zapewnieniu jak najlepszej jakości życia poprzez: • wczesne rozpoznanie i skuteczne łagodzenie objawów, • wsparcie psychiczne, społeczne i duchowe, • przeniesienie uwagi pacjenta na sprawy bieżące, • psychiczną i ruchową aktywizację pacjenta z zapewnieniem organizacji czasu wolnego przez dostarczenie książek, czasopism, stosowanie technik relaksacyjnych (np. słuchanie muzyki), umożliwienie udziału życiu społecznym (udział w różnych uroczystościach, spotkania z przyjaciółmi, rodziną), • realne podtrzymanie nadziei, okazywanie troski.",,none,,,
lek-przed-smiercia,20.8,3,"Udział w przygotowaniu do śmierci poprzez: • „planowanie naprzód” wspólnie z pacjentem (na temat preferowanego miejsca opieki i śmierci, tego, co jest dla niego najważniejsze, jakich działań sobie nie życzy, osobistych celów życiowych i życzeń pacjenta, aktualnych i przewidywanych potrzeb w zakresie opieki), • określenie prawdopodobnych scenariuszy umierania, omówienie i przygotowanie się do rozwiązywania możliwych problemów.",,none,,,
lek-przed-smiercia,20.8,4,"Zapewnienie pacjenta o swojej obecności, towarzyszenie mu.",,none,,,
lek-przed-smiercia,20.8,5,"Edukacja pacjenta dotycząca możliwości uczestniczenia w: • psychoterapii indywidualnej, • psychoterapii grupowej oraz rozmowy z lekarzem, kapłanem.",,none,,,
lek-przed-smiercia,20.8,6,Udział w leczeniu farmakologicznym.,,none,,,
lek-przed-smiercia,20.8,7,Ocena efektywności podjętych interwencji.,,none,,,
zaloba-po-stracie-bliskiej-osoby,20.9,0,"Nawiązanie kontaktu terapeutycznego z osobą osieroconą przez: • stworzenie warunków i atmosfery do rozmowy oraz wyrażania uczuć, • przyjęcie postawy akceptacji i empati, • aktywne słuchanie.",,none,,,
zaloba-po-stracie-bliskiej-osoby,20.9,1,"Udział w rozpoznaniu sposobu reagowania na utratę oraz obszarów, w których osoba osierocona potrzebuje pomocy.",,none,,,
zaloba-po-stracie-bliskiej-osoby,20.9,2,"Pomoc w ustaleniu, kto stanowi wsparcie dla osoby osieroconej i jakich osób potrzebuje, aby przetrwać kryzys.",,none,,,
zaloba-po-stracie-bliskiej-osoby,20.9,3,Umożliwienie dzielenia się pozytywnymi wspomnieniami o zmarłym oraz zachęcenie do odnalezienia cennych pamiątek po nim.,,none,,,
zaloba-po-stracie-bliskiej-osoby,20.9,4,Pomoc w podjęciu refleksji nad poczuciem winy wobec zmarłego.,,none,,,
zaloba-po-stracie-bliskiej-osoby,20.9,5,"Edukacja dotycząca: • przebiegu żałoby, doznań emocjonalnych, reakcji behawioralnych, poznawczych i duchowych oraz sposobów radzenia sobie z nimi, • pomocy lekarza/poradnictwa psychiatrycznego, • poradnictwa psychologicznego, • grup wsparcia dla osieroconych.",,none,,,
zaloba-po-stracie-bliskiej-osoby,20.9,6,Ocena efektywności podjętych interwencji.,,none,,,
zaburzenia-zycia-religijnego-kulturowego,20.10,0,Zidentyfikowanie obaw pacjentki dotyczących przejawów religijności.,,none,,,
zaburzenia-zycia-religijnego-kulturowego,20.10,1,"Zachęcanie do korzystania z praktyk religijnych czy rytuałów, które nie są szkodliwe dla zdrowia, a wspierają radzenie sobie.",,none,,,
zaburzenia-zycia-religijnego-kulturowego,20.10,2,"Odesłanie do duchowego przywódcy, grupy wsparcia w razie potrzeby. Umożliwienie korzystania z mediów religijnych.",,none,,,
zaburzenia-zycia-religijnego-kulturowego,20.10,3,"Dokonanie oceny wpływu fatalizmu na zdolność pacjentki do wyrażania bezsilności, ekspresję poczucia braku nadziei, przekonania dotyczące aktualnego poziomu komfortu.",,none,,,
zaburzenia-zycia-religijnego-kulturowego,20.10,4,"Stosowanie podejścia opartego na wzmacnianiu zasobów osobistych pacjentki, np. pozytywnej samooceny, samoakceptacji, poczucia własnej skuteczności, koherencji, kontroli, optymizmu.",,none,,,
zaburzenia-zycia-religijnego-kulturowego,20.10,5,"Ocena różnic w odczuwaniu bólu oraz wpływu przekonań kulturowych, norm, szoku kulturowego na doświadczanie bólu przez pacjentkę.",,none,,,
zaburzenia-zycia-religijnego-kulturowego,20.10,6,Stosowanie w opiece metod skoncentrowanych na rodzinie.,,none,,,
zaburzenia-zycia-religijnego-kulturowego,20.10,7,"Przekazywanie informacji o leczeniu bólu, efektach ubocznych, współpracy z personelem medycznym w łagodzeniu bólu; zachęcanie pacjentki do stosowania praktyk religijnych w pokonywaniu bólu, np. medytacji.",,none,,,
zaburzenia-zycia-religijnego-kulturowego,20.10,8,"Używanie skali bólu kulturowo zaadoptowanej i zwalidowanej psychometrycznie (trafność, rzetelność), np. twarzowej skali bólu.",glowa,medium,,glowa,glowa
zaburzenia-zycia-religijnego-kulturowego,20.10,9,"Dokonanie oceny wpływu przekonań kulturowych, norm i wartości pacjentki na poczucie beznadziejności, bezsilności, wyrażania smutku, radzenia sobie z dezintegracją duchową.",,none,,,
zaburzenia-zycia-religijnego-kulturowego,20.10,10,Zachęcanie do wykorzystania duchowości jako źródła wsparcia dla poczucia braku nadziei i obniżania uczucia bezsilności. Polecenie adekwatnie kulturowego specjalisty: przewodnika duchowego lub psychologa.,,none,,,
zaburzenia-zycia-religijnego-kulturowego,20.10,11,Zapewnienie możliwości zachowania własnej godności.,,none,,,
zaburzenia-zycia-religijnego-kulturowego,20.10,12,"Niekrytykowanie, nieocenianie. Obserwowanie i wykazywanie zrozumienia. Zachęcanie do nauki języka polskiego, respektowanie odmienności w praktykowaniu religii.",,none,,,
zaburzenia-zycia-religijnego-kulturowego,20.10,13,"Dokonanie oceny, w jaki sposób bariery językowe wpływają na zachowania zdrowotne pacjentki.",,none,,,
zaburzenia-zycia-religijnego-kulturowego,20.10,14,"Ocena wpływu wierzeń kulturowych, norm, wartości na sposób komunikacji werbalnej i pozawerbalnej pacjentki.",,none,,,
zaburzenia-zycia-religijnego-kulturowego,20.10,15,"Nienarzucanie własnego stylu komunikacji w relacjach pielęgniarka-pacjentka, lekarz-pacjentka. Zwrócenie uwagi na sposób komunikowania się pacjentki, np. dystans przestrzenny, ton głosu, kontakt wzrokowy.",,none,,,
zaburzenia-zycia-religijnego-kulturowego,20.10,16,"Respektowanie tradycji, umożliwienie odbywania rytuałów religijnych oraz sposobu zaspokajania potrzeb fizjologicznych. Skontaktowanie się z personelem ośrodka dla uchodźców celem omówienia warunków pobytu w nim pacjentki.",,none,,,
zaburzenia-zycia-religijnego-kulturowego,20.10,17,Respektowanie prawa do wyboru terapii.,,none,,,
zaburzenia-zycia-religijnego-kulturowego,20.10,18,"Umożliwienie nie tylko leczenia farmakologicznego, ale indywidualnej terapii psychologicznej spójnej z systemem kulturowym uchodźczyni: - przewodnika duchownego, - psychologa i/lub psychiatry.",,none,,,
zaburzenia-zycia-religijnego-kulturowego,20.10,19,"Uwzględnienie odmienności kulturowych/ religijnych podczas ordynowania leków, (składu, sposobu i czasu podawania leków) oraz podczas badań.",,none,,,
zaburzenia-zycia-religijnego-kulturowego,20.10,20,"Upewnienie się, że zalecenia odnośnie do zażywania leków są dostępne w języku pacjentki i są zrozumiałe dla niej i jej opiekunów w ośrodku dla uchodźców.",,none,,,
zaburzenia-zycia-religijnego-kulturowego,20.10,21,Zapewnienie prywatności/intymności w czasie badania.,,none,,,
zaburzenia-zycia-religijnego-kulturowego,20.10,22,"Prowadzenie edukacji zdrowotnej, zachęcającej do regularnych wizyt u lekarza POZ i ginekologa, wykonywania badań w ciąży, zmiany stylu życia w związku z ciążą. Zapewnienie o bezpłatnych usługach medycznych.",,none,,,
zaburzenia-rozwoju-fizycznego,21.1,0,Udział w leczeniu dietetycznym - restrykcyjne przestrzeganie diety bezglutenowej z uwzględnieniem upodobań dziecka.,,none,,,
zaburzenia-rozwoju-fizycznego,21.1,1,"Ocena tolerancji mleka (dwucukru laktozy): • obserwacja dziecka pod kątem objawów ze strony przewodu pokarmowego, które mogą świadczyć o nietolerancji laktozy np. wzdęcia i bóle brzucha, pojawianie się lub nasilanie biegunki, brak łaknienia, nudności.",brzuch,high,,brzuch,brzuch
zaburzenia-rozwoju-fizycznego,21.1,2,"Ocena łaknienia oraz pomoc w zaakceptowaniu diety bezglutenowej: • wyjaśnienie konieczności stosowania diety w sposób zrozumiały oraz konsekwentne wymaganie od dziecka bezwzględnego jej przestrzegania, • niekrytykowanie „innego” smaku bezglutenowych potraw, nieuznawanie jedzenia dziecka za gorsze czy mniej smaczne, • zalecenie rodzicom, aby starali się przygotowywać jak najwięcej bezglutenowych potraw dla wszystkich domowników i zachęcali bliskich, krewnych i znajomych do podobnej postawy, • przygotowanie dziecka (z uwzględnieniem jego wieku) do przestrzegania ograniczeń w jadłospisie z zastosowaniem przemyślanego systemu nagród, pamiętając, że wyrazy uznania i pochwały także są nagrodą.",,none,,,
zaburzenia-rozwoju-fizycznego,21.1,3,Regularny pomiar masy ciała i wysokości. Dokumentowanie pomiarów na siatce centylowej.,,none,,,
zaburzenia-rozwoju-fizycznego,21.1,4,"Ocena stanu emocjonalnego i aktywności psychofizycznej dziecka (rozdrażnienie, labilność emocjonalna, apata, zaburzenia o charakterze depresyjnym, niechęć do podejmowania aktywności, agresja).",,none,,,
zaburzenia-rozwoju-fizycznego,21.1,5,Motywowanie rodziców/dziecka do współpracy z zespołem terapeutycznym lub/i psychologiem (gdy dziecko prezentuje zaburzenia emocjonalne i/lub rodzice nie radzą sobie z problemem choroby dziecka).,,none,,,
zaburzenia-rozwoju-fizycznego,21.1,6,"Przygotowanie dziecka (psychiczne i fizyczne) do kontrolnych badań laboratoryjnych, jak: morfologia krwi, stężenia: żelaza, ferrytyny, kwasu foliowego, wapnia, białka całkowitego, albumin, cholesterolu, pierwiastków śladowych (Ca, Mg, Zn), witamin B12, A, K, D, test tolerancji laktozy, markerów serologicznych (przeciw endomysium - EmA, przeciw tkankowej transglutaminazie - tTG), • przekazanie dziecku w sposób zrozumiały informacji o wykonywanych badaniach, • pozwolenie rodzicom na obecność w czasie badań i zachęcanie ich do udzielania dziecku wsparcia, • wybranie najlepszych dostępów żylnych i nałożenie na skórę kremu Emla.",skora,medium,,skora,skora
zaburzenia-rozwoju-fizycznego,21.1,7,"Ochrona dziecka przed infekcjami: • wykonywanie szczepień ochronnych obowiązkowych i zalecanych, • ubieranie adekwatne do temperatury otoczenia, • chronienie dziecka przed potencjalnymi źródłami zakażenia - unikanie dużych skupisk ludzkich, • przestrzeganie zasad racjonalnego żywienia (w ramach diety bezglutenowej).",,none,,skora,
zaburzenia-rozwoju-fizycznego,21.1,8,"Edukacja rodziców dotycząca: • istoty choroby, • leczenia dietetycznego (znaczenia diety dla rozwoju dziecka i zapobiegania powikłaniom choroby).",,none,,,
zaburzenia-rozwoju-fizycznego,21.1,9,"Okazanie rodzicom/dziecku wsparcia emocjonalnego i informacyjnego. Przekazanie informacji na temat możliwości korzystania z pomocy: • grup wsparcia dla dzieci z celiakią, np. Polskiego Stowarzyszenia Osób z Celiakią i na Diecie Bezglutenowej, • punktów informacyjno-konsultacyjnych, • socjalnej (zasiłki pielęgnacyjne).",,none,,,
zaburzenia-rozwoju-psychicznego,21.2,0,"Nawiązanie kontaktu terapeutycznego z dzieckiem i rodzicami poprzez okazanie akceptacji, empati, zapewnienie poczucia bezpieczeństwa; szczerość, otwartość, opanowanie w sytuacji wystąpienia nieakceptowanego społecznie zachowania dziecka; okazanie wyrozumiałości i cierpliwości; pozyskanie zaufania.",,none,,,
zaburzenia-rozwoju-psychicznego,21.2,1,Zachęcanie rodziców do pobytu z dzieckiem w czasie hospitalizacji.,,none,,,
zaburzenia-rozwoju-psychicznego,21.2,2,Ocena potrzeb i możliwości współudziału rodziców w procesie terapeutycznym oraz podejmowaniu decyzji z nim związanych.,,none,,,
zaburzenia-rozwoju-psychicznego,21.2,3,Dostosowanie używanego słownictwa do możliwości percepcyjnych dziecka.,,none,,,
zaburzenia-rozwoju-psychicznego,21.2,4,"Ocena rozwoju dziecka w obszarze biopsychospołecznym. Współpraca z psychologiem w zakresie diagnozy psychologicznej dziecka (skale rozwoju psychomotorycznego, skale inteligencji dla dzieci).",,none,,,
zaburzenia-rozwoju-psychicznego,21.2,5,"Ocena jakości życia dziecka z wykorzystywaniem standaryzowanych kwestonariuszy, m.in.: Childhood Health Questonnaire (CHQ), Childhood Health Assessment Questonnaire (CHAQ), Kidscreen-52, PedsQL (wersja dla dziecka i/lub rodziców) - dobór narzędzia badawczego zgodnie z możliwościami percepcyjnymi dziecka i/lub rodziców oraz rodzajem zaburzeń; wskazanie czynników mających wpływ na poziom jakości życia.",,none,,,
zaburzenia-rozwoju-psychicznego,21.2,6,"Zapoznanie dziecka z alternatywnymi i wspomagającymi metodami komunikowania się (Alternatve and Augmentatve Communicaton, AAC), Indywidualny System Komunikacyjny np. system obrazkowy LŐB,metoda Makaton (język gestów i symboli) lub piktogramy; zachęcenie do nawiązywania relacji z otoczeniem poprzez zastosowanie wybranej techniki komunikowania się, zgodnie z preferencjami i możliwościami percepcyjnymi dziecka; utrwalanie opanowanych umiejętności; wskazanie dziecku i rodzicom możliwości wykorzystania aplikacji komputerowych do porozumiewania się.",,none,,,
zaburzenia-rozwoju-psychicznego,21.2,7,"Zaplanowanie i wdrożenie indywidualnych programów poprawy sprawności fizycznej w opiece, zmierzających do utrzymania i wzmacniania samodzielności oraz niezależności pacjenta.",,none,,,
zaburzenia-rozwoju-psychicznego,21.2,8,Prowadzenie treningu behawioralnego z pacjentem.,,none,,,
zaburzenia-rozwoju-psychicznego,21.2,9,Wskazywanie dziecku jego mocnych stron.,,none,,,
zaburzenia-rozwoju-psychicznego,21.2,10,Uwzględnienie sygnalizowanych przez dziecko potrzeb w planowaniu opieki.,,none,,,
zaburzenia-rozwoju-psychicznego,21.2,11,Pomoc w integracji dziecka z rówieśnikami oraz rodziną.,,none,,,
zaburzenia-rozwoju-psychicznego,21.2,12,"Dążenie do zapewnienia skutecznego efektu terapeutycznego poprzez budowanie relacji z pacjentem oraz jego rodziną opartej na wzajemnym zaufaniu i szacunku; udzielanie wsparcia (informacyjnego, emocjonalnego, instrumentalnego) odpowiadającego potrzebom dziecka i jego opiekunów.",,none,,,
zaburzenia-rozwoju-psychicznego,21.2,13,Przygotowanie rodziców do opieki nad dzieckiem poprzez dostarczenie niezbędnej wiedzy i umiejętności; partnerska postawa w stosunku do rodziców.,,none,,,
zaburzenia-rozwoju-psychicznego,21.2,14,"Koncentracja na rodzinie; wdrożenie rodziców do współpracy w realizacji czynności opiekuńczych, pielęgnacyjnych, rehabilitacyjnych i leczniczych na każdym etapie hospitalizacji.",,none,,,
zaburzenia-rozwoju-psychicznego,21.2,15,"Określenie potrzeb edukacyjnych rodziców. Opracowanie i wdrożenie programu szkolenia umiejętności rodzicielskich w zakresie wykorzystania metod wychowawczych wspierających rozwój dziecka (mających na celu identyfikację jego uczuć, wyjaśnienie przyczyn wahań nastroju, źródeł lęku, przyczyn zachowania agresywnego), a także alternatywnych technik komunikowania oraz technik behawioralnych na podstawie rozpoznanych deficytów wiedzy/umiejętności. Kształtowanie postaw rodzicielskich wspierających rozwój dziecka.",,none,,,
zaburzenia-rozwoju-psychicznego,21.2,16,"Ocena wiedzy, umiejętności i postaw zespołu pielęgniarskiego w zakresie opieki nad pacjentem z zaburzeniami rozwoju psychicznego; organizacja szkoleń dla pielęgniarek na podstawie rozpoznania deficytów. Opracowanie wytycznych postępowania w opiece nad pacjentem z zaburzeniami rozwoju psychicznego na oddziale.",,none,,,
zaburzenia-rozwoju-motorycznego-u-dzieci,21.3,0,"Nawiązanie kontaktu terapeutycznego z dzieckiem i rodzicami poprzez okazanie życzliwości, akceptacji, empati, zapewnienie poczucia bezpieczeństwa.",,none,,,
zaburzenia-rozwoju-motorycznego-u-dzieci,21.3,1,"Ocena poziomu funkcjonowania dziecka z wykorzystaniem: • Systemu Klasyfikacji Funkcji Motoryki Dużej (Gross Motor Functon Classificaton System - GMFCS), • Systemu klasyfikacji zdolności manualnych (Manual Ability Classificaton System - MACS).",,none,,,
zaburzenia-rozwoju-motorycznego-u-dzieci,21.3,2,"Holistyczna ocena rozwoju dziecka w obszarze biopsychospołecznym. Współpraca z psychologiem w zakresie diagnozy psychologicznej dziecka (skale rozwoju psychomotorycznego, skale inteligencji dla dzieci).",,none,,,
zaburzenia-rozwoju-motorycznego-u-dzieci,21.3,3,"Nawiązanie współpracy z fizjoterapeutą - uzgodnienie indywidualnego planu pracy z dzieckiem. Współudział pielęgniarki i rodziców w kinezyterapii z wykorzystaniem metod neurofizjologicznych (NDT-Bobath), elektrostymulacji nerwowo-mięśniowej, wibracji, kinesiotapingu.",,none,,,
zaburzenia-rozwoju-motorycznego-u-dzieci,21.3,4,"Stosowanie rehabilitacji ułożeniowej według zaleceń fizjoterapeuty, z zastosowaniem udogodnień (np. poduszek, wałeczków, klinów). Noszenie dziecka w pozycjach wyznaczonych przez fizjoterapeutę. Stosowanie różnych wzorców noszenia i rehabilitacji ułożeniowej w łóżku.",,none,,,
zaburzenia-rozwoju-motorycznego-u-dzieci,21.3,5,"Prowadzenie ćwiczeń biernych we wszystkich stawach kończyn dolnych i górnych. Wykonywanie w czasie kąpieli pełnych ruchów odwodzenia w stawach biodrowych, prostowania w stawach kolanowych i zgięcia grzbietowego stopy przy wyproście w stawie kolanowym. Częsta zmiana pozycji ciała dziecka w ciągu dnia, układanie na brzuchu przed posiłkami (pozycje zmniejszające napięcie mięśniowe).",cale-cialo,low,konczyny-dolne:11 brzuch:6 plecy:4,konczyny-dolne,cale-cialo
zaburzenia-rozwoju-motorycznego-u-dzieci,21.3,6,Ułożenie kończyn dolnych w odwiedzeniu - szerokie zakładanie pieluch; ocena stanu skóry w okolicy krocza i pachwin - natłuszczanie skóry według wskazań (np. maścią witaminową).,miednica,low,konczyny-dolne:5 skora:4,miednica,miednica
zaburzenia-rozwoju-motorycznego-u-dzieci,21.3,7,"Podawanie dziecku do ręki zabawek, wałeczka, piłeczki - stymulowanie aktywności kończyny prawej przy ograniczeniu aktywności (unieruchomieniu) kończyny dominującej (elementy terapii wymuszonej koniecznością, Constraint-Induced Movement Therapy - CIMT).",,none,,,
zaburzenia-rozwoju-motorycznego-u-dzieci,21.3,8,"Nadzór nad prawidłowym wykorzystaniem u dziecka zaleconego zaopatrzenia ortopedycznego (ortezy). Systematyczna ocena stanu skóry pod ortezami w kierunku wystąpienia powikłań miejscowych (wybroczyn, podbiegnięć krwawych, odparzeń, otarć, przebarwień skóry, ścieńczenia skóry, obrzęku); natłuszczanie skóry kończyny według wskazań.",skora,medium,,skora,skora
zaburzenia-rozwoju-motorycznego-u-dzieci,21.3,9,"Ocena i eliminowanie dolegliwości bólowych generowanych przez zabiegi pielęgnacyjne oraz fizjoterapeutyczne: • spokojne postępowanie z dzieckiem, unikanie gwałtownych ruchów, szybkiej zmiany pozycji, • pozostanie przy dziecku, • odwrócenie uwagi, wytworzenie przyjaznej, pogodnej atmosfery, zapewnienie warunków do wypoczynku, • komasowanie zabiegów pielęgnacyjnych, diagnostycznych, leczniczych, rehabilitacyjnych, • poprawa jakości snu, • udział w farmakoterapii zgodnie indywidualną kartą zleceń lekarskich: – podaż leku przeciwbólowego przed planowanymi zabiegami fizjoterapeutycznymi, – udział w leczeniu spastyczności, – przygotowanie pacjenta oraz asystowanie podczas iniekcji toksyny botulinowej (podaż leku redukującego napięcie mięśniowe).",plecy,medium,,plecy,plecy
zaburzenia-rozwoju-motorycznego-u-dzieci,21.3,10,Zapewnienie rodzicom instruktażu fizjoterapeuty. Skoncentrowanie opieki na rodzinie - zachęcenie rodziców do czynnego udziału w rehabilitacji dziecka; okazanie wsparcia na każdym etapie hospitalizacji.,,none,,,
zaburzenia-rozwoju-motorycznego-u-dzieci,21.3,11,"Wskazanie rodzicom możliwości usprawniania dziecka poprzez rehabilitację wieloprofilową, oddziałującą jednocześnie ruchowo, sensorycznie, psychicznie i społecznie (jak: hipoterapia, dogoterapia, terapia zaburzeń integracji sensorycznej, w kolejnych okresach rozwojowych terapia zajęciowa).",,none,,,
przemoc-wobec-dzieci,22.1,0,"Ocena stanu fizycznego dziecka: • uważne oglądanie powłok ciała pod kątem obrażeń: – krwiaków, otarć, zadrapań naskórka, wybroczyn, zasinień, blizn, obrzęków, ran, w tym także po oparzeniach, – określenie tzw. wieku urazu, • obserwacja i ocena błon śluzowych, gałek ocznych, małżowin usznych, • ocena zakresu ruchomości, ustawienia i bolesności kończyn i stawów, • obserwacja pod kątem dolegliwości somatycznych, jak: ból brzucha, zawroty i ból głowy, nudności, wymioty, duszność.",cale-cialo,low,brzuch:6 uszy:5 glowa:3,brzuch,cale-cialo
przemoc-wobec-dzieci,22.1,1,"Ocena stanu emocjonalnego i zachowania chłopca pod kątem następujących zaburzeń: • stanu zahamowania (bierność, smutek, apata, depresja, niechęć do podejmowania aktywności), • stanu pobudzenia (niestabilność psychoruchowa, rozdrażnienie, agresja skierowana na innych lub autoagresja). Charakterystyczne zachowania dla przemocy to także strach przed rodzicami i obawa przed pójściem do domu, labilność emocjonalna, nawiązywanie powierzchownych relacji, ostrożność wobec dorosłych, znoszenie cierpienia bez płaczu.",,none,,,
przemoc-wobec-dzieci,22.1,2,"Przygotowanie psychiczne chłopca do badań radiologicznych: • radiografii kości długich czaszki, narządów wewnętrznych, • ultrasonografii, • tomografii komputerowej, • scyntygrafii, • rezonansu magnetycznego.",glowa,high,,glowa,glowa
przemoc-wobec-dzieci,22.1,3,Sporządzenie precyzyjnej i obiektywnej dokumentacji z przeprowadzonego badania chłopca.,,none,,,
przemoc-wobec-dzieci,22.1,4,"Podjęcie działań leczniczo-pielęgnacyjnych adekwatnych do rodzaju obrażeń: • wykonanie okładu chłodzącego, • nałożenie żelu lub maści o działaniu przeciwbólowym, np. Fastum, Arcalen, • zdezynfekowanie i założenie jałowego opatrunku w przypadku przerwania ciągłości skóry, • delikatna pielęgnacja i wygodne ułożenie dziecka, • podanie doustnego leku przeciwbólowego zgodnie z indywidualną kartą zleceń.",skora,high,,skora,skora
przemoc-wobec-dzieci,22.1,5,"Nawiązanie kontaktu emocjonalnego i rozmowa z chłopcem: • wskazanie osoby, której chłopiec może opowiedzieć o swoich przeżyciach, • wysłuchanie lęków, obaw i wątpliwości dziecka, • zachęcanie do mówienia o swoich uczuciach i obawach, umożliwienie zadawania pytań.",,none,,,
przemoc-wobec-dzieci,22.1,6,Zapewnienie dziecku pomocy psychologicznej.,,none,,,
przemoc-wobec-dzieci,22.1,7,Przeprowadzenie wywiadu z rodzicami w celu ustalenia przyczyny urazu.,,none,,,
przemoc-wobec-dzieci,22.1,8,"Ocena sytuacji rodzinnej (we współpracy z pielęgniarką środowiskowo-rodzinną, lekarzem rodzinnym, rejonowym pracownikiem socjalnym, pedagogiem i psychologiem szkolnym).",,none,,,
przemoc-wobec-dzieci,22.1,9,"W przypadku potwierdzenia krzywdzenia wypełnienie procedury „Niebieska Karta”. Formularz „Niebieska Karta A” - wypełnienie tego formularza wszczyna procedurę „Niebieska Karta”. Formularz „Niebieska Karta B” - zawiera istotne dane prawne i organizacyjne dla osób dotkniętych przemocą. Po wszczęciu procedury „Niebieska Karta” zadbanie o bezpieczeństwo ofiary przemocy poprzez: • zapewnienie osobie pokrzywdzonej bezpieczeństwa, • zapewnienie wsparcia psychologicznego, • zawiadomienie organów ścigania, • rozważenie hospitalizacji pacjenta.",,none,,,
przemoc-wobec-dzieci,22.1,10,"Umożliwienie kontaktu i motywowanie rodziny do podjęcia współpracy z instytucjami, takimi jak: ośrodki i fundacje przeciwdziałające prze- mocy, poradnie rodzinne, poradnie zdrowia psychicznego, poradnie przeciwalkoholowe, terenowe komitety ochrony praw dziecka, Towarzystwo Przyjaciół Dzieci.",,none,,,
przemoc-wobec-osob-starszych,22.2,0,"Ocena zaburzeń wodno-elektrolitowych: • dokonanie na podstawie badania przedmiotowego oceny stopnia odwodnienia: – osłabienie elastyczności skóry, suchość błon śluzowych, obniżenie ciśnienia tętniczego w pozycji stojącej (hipotonia ortostatyczna), zmniejszenie napięcia gałek ocznych, obniżenie objętości wydalanego moczu, brak łzawienia oczu, obniżona potliwość, uczucie osłabienia, • określenie rodzaju odwodnienia: - hipertoniczne (hiperosmolarne) - wzrost ciśnienia osmotycznego osocza powyżej 290 mmol/kg wody, - hipotoniczne (hipoosmolarne) - obniżenie ciśnienia osmotycznego osocza poniżej 280 mmol/kg wody - izotoniczne (izoosmolarne) - ciśnienie osmotyczne osocza w normie, • ocena objawów przedmiotowych świadczących o zaburzeniach elektrolitowych (głównie w stężeniach sodu i potasu) - osłabienie siły mięśniowej i skurcze mięśni, parastezje, dolegliwości ze strony przewodu pokarmowego, splątanie, senność, pobudzenie, drgawki, zaburzenia orientacji, majaczenie, • wykonanie badań laboratoryjnych, takich jak: morfologia krwi, albuminy, stężenie sodu, potasu, chloru, wapnia, magnezu, fosforanów, pH krwi, dwuwęglanów.",cale-cialo,low,oczy:4 miednica:4 skora:4,oczy,cale-cialo
przemoc-wobec-osob-starszych,22.2,1,"Wybór drogi wyrównywania zaburzeń wodno-elektrolitowych: • nawadnianie i uzupełnienie elektrolitów drogą doustną, • nawadnianie i uzupełnianie elektrolitów drogą dożylną po weryfikacji wyników badań, • prowadzenie bilansu wodno-elektrolitowego.",,none,,,
przemoc-wobec-osob-starszych,22.2,2,"Ocena stanu odżywienia: • dokonanie przesiewowej oceny stanu odżywienia z wykorzystaniem narzędzi diagnostycznych rekomendowanych przez Polskie Towarzystwo Żywienia Pozajelitowego, Dojelitowego i Metabolizmu (PTZPDiM): – skala MNA (Mini Nutritonal Assessment), – skala NRS 2002 (Nutritonal Risk Score), – skala SGA (Subiektywna Globalna Ocena Stanu Odżywienia), • określenie kryteriów fenotypowych, takich jak: utrata masy ciała, obliczenie wskaźnika masy ciała BMI, badanie składu ciała (body compositon, BC) - zmniejszenie masy mięśniowej, • określenie kryteriów etologicznych: zmniejszenie przyjmowania i wchłaniania pokarmów oraz obecność stanu zapalnego, • wykonanie badań biochemicznych (jak: albuminy, prealbuminy, transferyna, białko całkowite, całkowita liczba limfocytów - CLL, morfologia krwi, stężenie wapnia, fosforu).",brzuch,high,,brzuch,brzuch
przemoc-wobec-osob-starszych,22.2,3,"Określenie potrzeb żywieniowych chorego z uwzględnieniem: • stanu odżywienia, • chorób współistniejących, • aktywności ruchowej. Planowanie leczenia żywieniowego u pacjentów z dużym ryzykiem żywieniowym. Wybór metody żywienia. Żywienie naturalne: • modyfikacja diety doustnej, • doustne płynne diety przemysłowe (oral nutritonal supplements, ONS), • poradnictwo dietetyczne. Żywienie sztuczne: • dojelitowe (drogą przewodu pokarmowego przy użyciu zgłębnika/przetoki odżywczej), • żywienie pozajelitowe (dożylne).",brzuch,high,,brzuch,brzuch
przemoc-wobec-osob-starszych,22.2,4,"Dostarczenie składników pokarmowych ilościowo i jakościowo dostosowanych do potrzeb pacjenta: • dostarczenie poszczególnych makroskładników w zaspokajaniu potrzeb energetycznych - • uzupełnienie niedoborów białkowych, witaminowych i składników mineralnych.",,none,,,
przemoc-wobec-osob-starszych,22.2,5,"Podjęcie działań zapobiegających powikłaniom wynikającym z zaburzeń metabolizmu (obniżenie odporności, skłonność do infekcji, zmiany na skórze, zaburzenia ze strony układu oddechowego, pokarmowego, krążenia): • obserwacja skóry w miejscach narażonych na zmiany oraz wykonanie toalety przeciwodleżynowej z dokładnym osuszeniem, następnie nawilżeniem i natłuszczeniem skóry, zachęcanie pacjenta do ćwiczeń ruchowych i aktywności, • obserwacja pacjenta w kierunku objawów ze strony układu oddechowego oraz edukacja i zachęcanie pacjenta do wykonywania ćwiczeń oddechowych, • obserwacja objawów ze strony układu pokarmowego (np. dolegliwości bólowe, pieczenie w przełyku, wzdęcia, biegunka, zaparcia) oraz niwelowanie zaburzeń na podstawie objawów i zaleceń lekarza, • obserwacja objawów ze strony układu krążenia oraz edukacja pacjenta w zakresie działań zapobiegających powikłaniom zakrzepowo-zatorowym, motywowanie chorego do wykonywania ćwiczeń przeciwzakrzepowych, • przeciwdziałanie infekcjom miejscowym i ogólnoustrojowym przez przestrzeganie zasad aseptyki i antyseptyki oraz zastosowanie profilaktyki antybiotykowej.",cale-cialo,low,plecy:6 brzuch:4 konczyny-dolne:4,plecy,cale-cialo
przemoc-wobec-osob-starszych,22.2,6,"Zastosowanie psychoterapii elementarnej z powodu lęku i niepokoju spowodowanego stanem zdrowia oraz doznaną krzywdą: • okazanie zainteresowania i ciepła oraz objęcie troskliwą opieką, • umożliwienie choremu wyrażania uczuć, wypowiadania się na temat nurtujących go problemów i rozładowywania nagromadzonych emocji przez rozmowę z przyjazną osobą, • wykorzystanie czynności leczniczo-pielęgnacyjnych i rehabilitacyjnych do nawiązania kontaktu i więzi emocjonalnej z pacjentem, • umożliwienie pacjentowi kontaktu z innymi członkami rodziny, ustosunkowanymi pozytywnie do pacjenta, i włączenie ich w proces opieki po leczeniu szpitalnym.",,none,,,
przemoc-wobec-osob-starszych,22.2,7,Zapewnienie pacjentowi pomocy psychologicznej w przypadku znacznie obniżonego nastroju lub objawów depresji.,,none,,,
przemoc-wobec-osob-starszych,22.2,8,"Analiza sytuacji rodzinnej zaniedbywanego przez opiekunów pacjenta (przeprowadzona we współpracy z rejonowym opiekunem społecznym, pielęgniarką środowiskowo-rodzinną i lekarzem rodzinnym) pod kątem: • problemów występujących w rodzinie, np. problemów alkoholowych, konfliktów, zaburzeń psychicznych, choroby przewlekłej lub niepełnosprawności, • sytuacji materialnej rodziny i możliwości opieki, • warunków mieszkaniowych i higieniczno-sanitarnych rodziny, • wzajemnych interakcji i więzi emocjonalnych w rodzinie, • wsparcia ze strony dalszej rodziny i środowiska lokalnego.",,none,,,
przemoc-wobec-osob-starszych,22.2,9,"Przeprowadzenie rozmowy z opiekunami pacjenta: • poznanie wiedzy, przekonań, wyobrażeń na temat przemocy wobec osób starszych, • przekazanie informacji na temat skutków stosowania przemocy oraz prawnych konsekwencji, • poinformowanie o możliwościach uzyskania w razie potrzeby pomocy materialnej (rzeczowej i finansowej) oraz psychologicznej, • umożliwienie pomocy psychologicznej np. w celu nauki odreagowywania stresu, radzenia sobie z negatywnymi emocjami, • przeprowadzenie edukacji na temat zasad prawidłowego odżywiania oraz dalszego funkcjonowania w środowisku domowym. Zapewnienie bezpieczeństwa i otoczenie opieką pacjenta po wyjściu ze szpitala (współpraca z profesjonalistami powołanymi do świadczenia opieki nad ludźmi starszymi): • zwiększenie częstości wizyt pielęgniarki środowiskowo-rodzinnej w domu pacjenta, • dokładne badanie i ocena stanu zdrowia pod kątem występowania objawów mogących być wynikiem stosowanej przemocy, • większe zainteresowanie środowiskiem rejonowego opiekuna społecznego, • włączenie najbliższego otoczenia (sąsiedzi, znajomi) w opiekę i wgląd w rodzinę, • przekonanie pacjenta, aby w przyszłości szybciej ujawniał brak należytej opieki osobom trzecim.",,none,,,
konflikt-rol-rodzicielskich,22.3,0,"Nawiązanie kontaktu terapeutycznego z dzieckiem i matką poprzez okazanie życzliwości, akceptacji, empati, zapewnienie poczucia bezpieczeństwa.",,none,,,
konflikt-rol-rodzicielskich,22.3,1,Rozpoznanie wiedzy matki na temat niepełnosprawności dziecka.,,none,,,
konflikt-rol-rodzicielskich,22.3,2,Rozpoznanie etapu w procesie adaptacji matki do faktu niepełnosprawności dziecka. Rozpoznanie rodzaju postawy wobec niepełnosprawności dziecka.,,none,,,
konflikt-rol-rodzicielskich,22.3,3,"Ocena potencjału i ograniczeń opiekuńczo-pielęgnacyjnych wydolności rodziny w radzeniu sobie z opieką nad niepełnosprawnym dzieckiem pod kątem: • struktury rodziny, • możliwości rodziny, • warunków materialno-bytowych, • możliwości wsparcia ze strony innych (rodzina, przyjaciele).",,none,,,
konflikt-rol-rodzicielskich,22.3,4,"Pomoc rodzicom w rozpoznaniu i artykulacji problemów w opiece nad niepełnosprawnym dzieckiem. Zachęcanie i motywowanie matki/rodziców do współpracy z zespołem terapeutycznym w procesie leczenia, pielęgnowania i rehabilitacji dziecka.",,none,,,
konflikt-rol-rodzicielskich,22.3,5,Określenie potrzeb edukacyjnych rodziców. Opracowanie i wdrożenie programu szkolenia umiejętności rodzicielskich w zakresie wykorzystania metod wspierających rozwój dziecka. Kształtowanie postaw rodzicielskich wspierających rozwój dziecka.,,none,,,
konflikt-rol-rodzicielskich,22.3,6,"Edukacja matki/rodziców w zakresie: • potrzeb dziecka niepełnosprawnego, mechanizmów obronnych dziecka, • metod wspierania rozwoju dziecka, • pielęgnowania niemowlęcia (nauka podstawowych zabiegów pielęgnacyjnych, niezbędnych w sprawowaniu opieki), kontroli stanu zdrowia dziecka, • warunków niezbędnych do sprawowania opieki w środowisku domowym, • uprawnień dzieci niepełnosprawnych i ich rodzin, • rodzaju wsparcia, znaczenia wsparcia w sytuacji trudnej.",,none,,,
konflikt-rol-rodzicielskich,22.3,7,"Koncentracja na rodzinie: wdrożenie rodziców do współpracy w realizacji czynności opiekuńczych, pielęgnacyjnych, rehabilitacyjnych i leczniczych na każdym etapie hospitalizacji.",,none,,,
konflikt-rol-rodzicielskich,22.3,8,"Nawiązanie współpracy z fizjoterapeutą - uzgodnienie indywidualnego planu pracy z dzieckiem. Współudział pielęgniarki i rodziców w kinezyterapii według wskazówek fizjoterapeuty: • stosowanie rehabilitacji ułożeniowej według zaleceń fizjoterapeuty, • noszenie dziecka w pozycjach wyznaczonych przez fizjoterapeutę.",,none,,,
konflikt-rol-rodzicielskich,22.3,9,"Zachęcanie rodziców do udziału w instruktażu prowadzonym przez fizjoterapeutę, do czynnego udziału w rehabilitacji dziecka w czasie hospitalizacji; okazanie wsparcia na każdym etapie hospitalizacji.",,none,,,
konflikt-rol-rodzicielskich,22.3,10,"Przygotowanie rodziców do udziału w procesie rehabilitacji dziecka: • przekonanie o potrzebie systematycznego rehabilitowania dziecka, • stopniowe wdrażanie rodziców w proces rehabilitacji dziecka (obserwacja, ćwiczenia pod kierunkiem rehabilitanta, samodzielne wykonywanie ćwiczeń), • pomoc w zorganizowaniu niezbędnego sprzętu ortopedycznego dla dziecka w razie wskazań, • zaproponowanie nawiązania kontaktu z grupami wsparcia, pomoc w tym zakresie.",,none,,,
konflikt-rol-rodzicielskich,22.3,11,"Wspieranie relacji dziecko-matka/rodzice przez: • okazywanie życzliwości, tolerancji, szacunku, empati, • zapewnienie matce warunków do przebywania z dzieckiem na oddziale, • zachęcanie matki/rodziców do włączenia się w proces pielęgnowania dziecka, • wyrażanie wiary w możliwości dziecka, odwoływanie się do mocnych stron dziecka, • pomoc w tworzeniu pozytywnego obrazu dziecka, • pomoc w rozwijaniu umiejętności skutecznego zmagania się z ograniczeniami i wymaganiami, jakie stwarza sytuacja niepełnosprawności dziecka, • pomoc rodzicom w stymulowaniu optymalnego rozwoju dziecka, stosownie do rodzaju i stopnia niepełnosprawności, • wyeliminowanie lub ograniczenie do minimum czynników powodujących lub nasilających rozdrażnienie, stres, niepokój dziecka i rodziców, • pomoc rodzicom w zorganizowani: bezpiecznego (fizycznie i psychicznie) środowiska domowego, dostosowanego do rodzaju i stopnia niepełnosprawności dziecka.",glowa,medium,,skora,glowa
konflikt-rol-rodzicielskich,22.3,12,"Pomoc rodzicom w efektywnym radzeniu sobie ze stresem wynikającym z trudnej sytuacji: • rozmowa z matką/rodzicami i zachęcanie do wyrażania swoich uczuć, obaw, lęków, niepokojów, • wskazanie możliwości korzystania z pomocy specjalistycznej (psychologa), • wsparcie emocjonalne oraz pomoc w rozwiązywaniu problemów związanych z opieką nad dzieckiem, rozwijanie u dziecka i rodziców umiejętności korzystania ze społecznego wsparcia (zachęcanie rodziców do poszukiwania i kontaktowania się z grupą społecznego wsparcia), • pełna akceptacja matki/rodziców, słuchanie ich i wspólne omawianie ich trosk, problemów, nieocenianie.",,none,,,
zaburzenia-funkcjonowania-rodziny-w-sytuacji-choroby,22.4,0,"Przekazanie rodzinie chorej wiedzy na temat: • istoty choroby Alzheimera, jej przebiegu oraz diagnostyki, • zasad farmakoterapii i rehabilitacji, • warunków niezbędnych do sprawowania opieki nad chorą w środowisku domowym, • źródeł informacji o chorobie (jak: strony internetowe, poradniki, grupy wsparcia, zajęcia warsztatowe).",,none,,,
zaburzenia-funkcjonowania-rodziny-w-sytuacji-choroby,22.4,1,"Poinformowanie rodziny o konieczności zachowania systematyczności w zakresie: • diagnostyki, leczenia i rehabilitacji chorej, • oceny stanu funkcjonalnego chorej (np. za pomocą wystandaryzowanych testów oceny stanu funkcjonalnego: AMTS, skali Barthel, ADL, IADL), • wykonywania ćwiczeń poprawiających stan funkcjonalny chorej w zakresie czynności samoobsługowych i funkcji poznawczych.",,none,,,
zaburzenia-funkcjonowania-rodziny-w-sytuacji-choroby,22.4,2,"Nauczenie członków rodziny stosowania (we współpracy z terapeutą) ćwiczeń samoobsługi i pamięci: • treningu poczucia rzeczywistości, • treningu orientacji w realności, • metod pozawerbalnego komunikowania się z chorą.",,none,,,
zaburzenia-funkcjonowania-rodziny-w-sytuacji-choroby,22.4,3,"Pomoc rodzinie w stworzeniu chorej bezpiecznego środowiska (fizycznego i psychicznego): • poinformowanie o grupach wsparcia, domach dziennego pobytu dla chorych działających w pobliżu miejsca zamieszkania, możliwości skorzystania z „opieki wytchnieniowej”, • dostosowanie warunków życia do stanu klinicznego chorej, • likwidacja chodników, dywanów, • zabezpieczenie schodów antypoślizgową matą, • zamontowanie uchwytów, poręczy w celu ułatwienia bezpiecznego poruszania się, • zapewnienie dobrego oświetlenia, zwłaszcza nocą, • zabezpieczenie drzwi, okien i balkonów, • zabezpieczenie instalacji elektrycznej i gazowej, • opracowanie czytelnych, zrozumiałych dla chorej sposobów oznaczania poszczególnych przedmiotów, pomieszczeń (np. zastosowanie symboli graficznych), podpisywanie fotografii osób bliskich i pozostawianie ich w zasięgu wzroku chorej, • zastosowanie kalendarzyków, • sprawowanie opieki przez całą dobę, niepozostawianie chorej samej, • wprowadzanie uproszczeń w wykonywanych czynnościach, • zachowanie konsekwencji w podejmowanych działaniach, • uwzględnianie wcześniejszych przyzwyczajeń chorej, ograniczenie wprowadzania zmian, • informowanie chorej o miejscu pobytu, • eliminowanie potencjalnych źródeł stresu, • przestrzeganie ustalonego rytmu dnia, • okazywanie chorej wyrozumiałości i cierpliwości, • ciągłe powtarzanie informacji, • przygotowywanie list zaplanowanych czynności, • podtrzymywanie kontaktów ze znajomymi, uczestnictwo w życiu kulturalnym, • informowanie o codziennych wydarzeniach, • prowadzenie częstych rozmów o przeszłości, oglądanie starych fotografii, słuchanie ulubionej muzyki pacjentki.",,none,,,
utrudnienia-w-wypelnianiu-rol-spolecznych-przez-osobe-chora,22.5,0,"Pomoc w radzeniu sobie z niepełnosprawnością: • pozyskanie pacjentki do współpracy z zespołem terapeutycznym, • motywowanie chorej do podejmowania aktywności fizycznej, psychicznej i samoopieki, • pomoc w zaspokajaniu podstawowych potrzeb w zakresie życia codziennego, • udział w rehabilitacji (medycznej, psychicznej i społecznej), readaptacja zawodowa, • wsparcie społeczne (informacyjne, emocjonalne, rzeczowe i wartościujące).",,none,,,
utrudnienia-w-wypelnianiu-rol-spolecznych-przez-osobe-chora,22.5,1,"Ułatwienie nawiązania i utrzymania kontaktów społecznych, pozyskiwanie źródeł wsparcia: • nawiązanie kontaktu z nieprofesjonalnymi grupami samopomocowymi, • podtrzymywanie kontaktów ze znajomymi, uczestnictwo w życiu kulturalnym, politycznym itp., • budowanie sieci wsparcia opartej na współpracy rodziny, asystenta, opiekuna, sąsiadów, organizacji samopomocowych, instytucji i organizacji oferujących specjalistyczne wsparcie, • budowanie wsparcia dla rodziny pacjentki.",,none,,,
utrudnienia-w-wypelnianiu-rol-spolecznych-przez-osobe-chora,22.5,2,"Przekazanie wiedzy, umiejętności oraz pomoc w zakresie sposobów radzenia sobie ze stresem: • nawiązanie współpracy z psychologiem, • zachęcenie do nawiązania współpracy z grupami wsparcia, • poinformowanie o sposobach eliminowania potencjalnych źródeł stresu, • przekazanie wiedzy z zakresu skutecznych metod radzenia sobie ze stresem, • nauka ćwiczeń relaksacyjnych, • rozwijanie/podtrzymywanie zainteresowań.",,none,,,
utrudnienia-w-wypelnianiu-rol-spolecznych-przez-osobe-chora,22.5,3,"Stworzenie bezpiecznego środowiska (fizycznego i psychicznego), umożliwiającego utrzymanie codziennej aktywności pacjentki: • dostosowanie otoczenia do aktualnych możliwości pacjentki, • likwidacja chodników, dywanów, • pamiętanie o niepozostawianiu półotwartych drzwi, okien lub szafek, • zamontowanie uchwytów, poręczy w celu ułatwienia bezpiecznego poruszania się, • mobilizowanie chorej do podejmowania codziennej aktywności (np. przygotowywania posiłków, wykonywania czynności higienicznych), • zapewnienie opieki adekwatnej do potrzeb chorej, • wprowadzanie uproszczeń w wykonywanych czynnościach, • okazywanie chorej akceptacji, wyrozumiałości i cierpliwości.",,none,,,
utrudnienia-w-wypelnianiu-rol-spolecznych-przez-osobe-chora,22.5,4,"Zachęcenie pacjentki do uczestniczenia w szkoleniach przygotowujących do prowadzenia gospodarstwa domowego, którego celem jest nauczenie wykonywania czynności niezbędnych w codziennym życiu metodami bezwzrokowymi.",,none,,,
nieprzestrzeganie-zalecen-prozdrowotnych,23.1,0,"Ocena przyczyny niestosowania się do zaleceń - stworzenie opartej na zaufaniu relacji z pacjentem i jego rodziną, wsparcie emocjonalne, nieoceniająca postawa w stosunku do pacjenta; ocena wiedzy pacjenta na temat choroby, przekonań zdrowotnych, mechanizmów radzenia sobie ze stresem oraz jego sytuacji społecznoekonomicznej; zapoznanie się z historią choroby i przepisanym leczeniem.",,none,,,
nieprzestrzeganie-zalecen-prozdrowotnych,23.1,1,"Dobór zakresu, formy i metod edukowania pacjenta - edukacja indywidualna lub w małych grupach, z udziałem rodziny chorego: • omówienie istoty choroby, powikłań, metod niefarmakologicznych i farmakoterapii nadciśnienia, • wskazanie korzyści płynących z obniżenia ciśnienia krwi do wartości prawidłowych, udzielenie informacji na temat działań ubocznych leczenia, podkreślenie potrzeby stałego przyjmowania leków, poinformowanie o skutkach niepodjęcia leczenia, • nauczenie samoobserwacji, wykonywania samodzielnych pomiarów ciśnienia, omówienie sposobów postępowania w przypadku wystąpienia objawów ubocznych, • omówienie zasad diety z ograniczeniem tłuszczów (zwłaszcza nasyconych), zwiększeniem spożycia warzyw i owoców, ograniczeniem spożycia alkoholu i soli (do 5 g/dobę) oraz dobór indywidualnych sposobów radzenia sobie z ograniczeniami, • omówienie aktywności fizycznej zalecanej osobom z nadciśnieniem tętniczym (rekomenduje się systematyczny wysiłek dynamiczny, aerobowy przez 30 min, 5-7 × w tygodniu), zaplanowanie programu zmian aktywności z uwzględnieniem możliwości chorego, • indywidualne opracowanie programu zaprzestania palenia tytoniu, • dostarczenie materiałów edukacyjnych, • stosowanie technik behawioralnych, pozytywnych wzmocnień.",konczyny-gorne,high,,konczyny-gorne,konczyny-gorne
nieprzestrzeganie-zalecen-prozdrowotnych,23.1,2,"Współpraca z lekarzem – przedyskutowanie czynników utrudniających stosowanie się chorego do zaleceń farmakoterapii i zmian stylu życia w celu dobrania optymalnej, indywidualnej terapii dla pacjenta.",,none,,,
zachowania-antyzdrowotne,23.2,0,"Podłączenie aparatury monitorującej podstawowe funkcje życiowe i stała kontrola parametrów życiowych pacjenta do momentu ustąpienia objawów zatrucia substancją psychoaktywną (12-24/72 godz.): ciśnienia tętniczego krwi, tętna, oddechu, saturacji, temperatury ciała, EKG, diurezy, gospodarki wodno-elektrolitowej.",cale-cialo,low,klatka-piersiowa:7 miednica:4 cale-cialo:4,klatka-piersiowa,cale-cialo
zachowania-antyzdrowotne,23.2,1,Założenie żylnego dostępu naczyniowego.,,none,,,
zachowania-antyzdrowotne,23.2,2,"Współudział w intensywnej terapii objawowej (farmakoterapia, tlenoterapia, płynoterapia) ze szczególnym zwróceniem uwagi na leczenie: pobudzenia, hipertermii, wysokiego ciśnienia tętniczego, tachykardii, ewentualnej niewydolności oddechowej i niewydolności nerek.",usta-drogi-oddechowe,low,konczyny-gorne:3,usta-drogi-oddechowe,usta-drogi-oddechowe
zachowania-antyzdrowotne,23.2,3,Prowadzenie karty bilansu płynów.,,none,,,
zachowania-antyzdrowotne,23.2,4,Obserwacja stanu świadomości pacjenta w kierunku nasilania się stanu pobudzenia lub śpiączki.,,none,,,
zachowania-antyzdrowotne,23.2,5,"Pobranie materiału do badań podstawowych oraz toksykologicznych - jeżeli ośrodek dysponuje odpowiednią pracownią (takich jak: gazometria krwi tętniczej, morfologia, elektrolity, mocznik, kreatynina, transaminazy, CK, w przypadku bólu w klatce piersiowej i/lub odchyleń w badaniu EKG dodatkowo oznaczenie troponin).",klatka-piersiowa,medium,,skora,klatka-piersiowa
zachowania-antyzdrowotne,23.2,6,Zapewnienie bezpieczeństwa pacjentowi pobudzonemu poprzez zastosowanie barierek ochronnych na łóżko oraz w razie konieczności środków przymusu bezpośredniego (pasów bezpieczeństwa).,,none,,,
zachowania-antyzdrowotne,23.2,7,"Zaspokajanie deficytu potrzeb u pacjenta leżącego: • wykonanie toalety ciała i jamy ustnej, • wymiana bielizny osobistej i pościelowej, • założenie pieluchomajtek, • wykonanie toalety krocza po zaspokojeniu potrzeby wydalania.",miednica,high,usta-drogi-oddechowe:6 skora:3,miednica,miednica
zachowania-antyzdrowotne,23.2,8,Obserwacja pacjenta pod kątem powikłań ze strony poszczególnych narządów i układów.,,none,,,
zachowania-antyzdrowotne,23.2,9,Monitorowanie efektywności podjętej terapii.,,none,,,
zachowania-antyzdrowotne,23.2,10,"Po ustabilizowaniu się stanu klinicznego podjęcie próby nawiązania kontaktu werbalnego z pacjentem i zaplanowanie konsultacji psychologicznej lub psychiatrycznej, jeżeli pacjent tego wymaga (według obowiązującej procedury).",,none,,,
zachowania-antyzdrowotne,23.2,11,"Rozmowa z pacjentem: • wykazanie zainteresowania jego osobą, okazanie cierpliwości, troski i akceptacji, aktywne słuchanie, • zapewnienie poczucia bezpieczeństwa psychofizycznego, • wyjaśnianie wszelkich niejasności związanych z terapią, • informowanie o wykonywanych czynnościach i planowanych działaniach wobec pacjenta, • wyjaśnienie przyczyny hospitalizacji, umożliwienie zadawania pytań, • umożliwienie rozmowy z lekarzem prowadzącym, • stworzenie warunków do kontaktu z rodziną, • ocena reakcji pacjenta na obecną sytuację.",,none,,,
zachowania-antyzdrowotne,23.2,12,"Dobór adekwatnych metod i form edukacji pacjenta z udziałem jego rodziców: • ustalenie przyczyny zażycia dopalaczy (np. ciekawość, brak świadomości zagrożeń, wpływ rówieśników), • ustalenie nasilenia problemu (użycie jednorazowe, uzależnienie), • rozpoznanie deficytów wiedzy pacjenta na temat skutków stosowania dopalaczy, • uświadomienie związku między użyciem substancji psychoaktywnej a aktualnymi problemami zdrowotnymi, • ocena zapotrzebowania rodziców na informacje dotyczące problematyki uzależnienia od substancji psychoaktywnych, • omówienie korzyści związanych z przerwaniem lub ograniczeniem używania dopalaczy oraz/lub leczeniem uzależnienia, • uświadomienie konsekwencji zdrowotnych, psychicznych, społecznych i ekonomicznych związanych z dalszym stosowaniem dopalaczy, • zwiększenie motywacji pacjenta do funkcjonowania bez substancji psychoaktywnych, • przekazanie pacjentowi i jego rodzicom informacji na temat dalszego postępowania po hospitalizacji i możliwości szukania pomocy w walce z istniejącym problemem, • podanie kontaktu do grup wsparcia, • okazywanie rodzicom wsparcia informacyjnego i emocjonalnego, poinformowanie o dostępnych formach terapii, gabinetach i przychodniach leczenia uzależnień (udostępnienie listy placówek oferujących pomoc pacjentom z omawianym problemem w przypadku użycia incydentalnego lub wspierających i oferujących terapię osobom uzależnionym).",,none,,,
zachowania-antyzdrowotne,23.2,13,"Motywowanie rodziców do współpracy z dzieckiem, a w razie konieczności dalszego leczenia z terapeutą.",,none,,,
przekonania-kulturowe-i-religijne-zwiazane-ze-zdrowiem-ryzyko-dystresu,23.3,0,"Uwzględnienie w opiece różnego definiowania zdrowia, choroby i leczenia.",,none,,,
przekonania-kulturowe-i-religijne-zwiazane-ze-zdrowiem-ryzyko-dystresu,23.3,1,"Uwzględnienie tradycyjnych form leczenia (domowych, ludowych) w uzasadnionych sytuacjach i uświadamianie, że przyjmowanie niewiadomego pochodzenia, niesprawdzonych i niezbadanych medykamentów, jest ryzykowne.",,none,,,
przekonania-kulturowe-i-religijne-zwiazane-ze-zdrowiem-ryzyko-dystresu,23.3,2,Respektowanie możliwości odbywania rytuałów religijnych i praktyk medytacyjnych.,,none,,,
przekonania-kulturowe-i-religijne-zwiazane-ze-zdrowiem-ryzyko-dystresu,23.3,3,"Zapewnienie możliwości stosowania dotychczasowej diety, respektującej m.in. ograniczenia dotyczące spożywanych pokarmów.",,none,,,
przekonania-kulturowe-i-religijne-zwiazane-ze-zdrowiem-ryzyko-dystresu,23.3,4,Respektowanie odmienności w sposobie komunikowania się.,,none,,,
przekonania-kulturowe-i-religijne-zwiazane-ze-zdrowiem-ryzyko-dystresu,23.3,5,Respektowanie prawa do wyboru terapii.,,none,,,
przekonania-kulturowe-i-religijne-zwiazane-ze-zdrowiem-ryzyko-dystresu,23.3,6,Zapewnienie prywatności/intymności w czasie badania.,,none,,,
przekonania-kulturowe-i-religijne-zwiazane-ze-zdrowiem-ryzyko-dystresu,23.3,7,"Prowadzenie edukacji zdrowotnej, poprzez uświadamianie, przekonywanie, motywowanie w zakresie: • zalet naturalnego karmienia, • zasad pielęgnacji dziecka, • postępowania w połogu, z pozostawieniem prawa kobiety do decydowania o implementowaniu zmian do codziennego życia.",,none,,,
przekonania-kulturowe-i-religijne-zwiazane-ze-zdrowiem-ryzyko-dystresu,23.3,8,"Uwzględnienie odmienności podczas ordynowania leków, np. przeciwbólowych.",,none,,,
